file_path,class_name,method_name,original_line,log_level,modified,before,after,modification_type,reason
ts-admin-basic-info-service/src/main/java/adminbasic/controller/AdminBasicInfoController.java,AdminBasicInfoController,getAllContacts,37,info,true,"AdminBasicInfoController.LOGGER.info(""[getAllContacts][Find All Contacts by admin][getAllContacts] "");","AdminBasicInfoController.LOGGER.info(""[getAllContacts] Admin requested the complete contact list"");",Combined Evolution,合并重复方法标签，明确管理员查询全部联系人的请求
ts-admin-basic-info-service/src/main/java/adminbasic/controller/AdminBasicInfoController.java,AdminBasicInfoController,deleteContacts,44,info,true,"AdminBasicInfoController.LOGGER.info(""[deleteContacts][Delete Contacts by admin][contactsId: {}]"", contactsId);","AdminBasicInfoController.LOGGER.info(""Admin requested deletion of contact {} [deleteContacts]"", contactsId);",Combined Evolution,将联系人 ID 嵌入删除请求，方法标记后置
ts-admin-basic-info-service/src/main/java/adminbasic/controller/AdminBasicInfoController.java,AdminBasicInfoController,modifyContacts,51,info,false,"AdminBasicInfoController.LOGGER.info(""[modifyContacts][Modify Contacts by admin][Contacts name:{}]"", mci.getName());","AdminBasicInfoController.LOGGER.info(""[modifyContacts][Modify Contacts by admin][Contacts name:{}]"", mci.getName());",Unmodified,Not selected
ts-admin-basic-info-service/src/main/java/adminbasic/controller/AdminBasicInfoController.java,AdminBasicInfoController,addContacts,58,info,false,"AdminBasicInfoController.LOGGER.info(""[addContacts][Modify Contacts by admin][Contacts name: {}]"", c.getName());","AdminBasicInfoController.LOGGER.info(""[addContacts][Modify Contacts by admin][Contacts name: {}]"", c.getName());",Unmodified,Not selected
ts-admin-basic-info-service/src/main/java/adminbasic/controller/AdminBasicInfoController.java,AdminBasicInfoController,getAllStations,65,info,false,"AdminBasicInfoController.LOGGER.info(""[getAllStations][Find All Station by admin][getAllStations]"");","AdminBasicInfoController.LOGGER.info(""[getAllStations][Find All Station by admin][getAllStations]"");",Unmodified,Not selected
ts-admin-basic-info-service/src/main/java/adminbasic/controller/AdminBasicInfoController.java,AdminBasicInfoController,deleteStation,72,info,true,"AdminBasicInfoController.LOGGER.info(""[deleteStation][Delete Station by admin][Station id: {}]"", id);","AdminBasicInfoController.LOGGER.info(""Admin requested deletion of station {}"", id);",Combined Evolution,把站点 ID 嵌入自然请求句，移除重复方法与动作标签
ts-admin-basic-info-service/src/main/java/adminbasic/controller/AdminBasicInfoController.java,AdminBasicInfoController,modifyStation,79,info,true,"AdminBasicInfoController.LOGGER.info(""[modifyStation][Modify Station by admin][Station id: {}]"", s.getId());","AdminBasicInfoController.LOGGER.info(""Station update requested by admin: stationId={}"", s.getId());",Combined Evolution,将站点修改动作和管理员上下文合并，保留 ID
ts-admin-basic-info-service/src/main/java/adminbasic/controller/AdminBasicInfoController.java,AdminBasicInfoController,addStation,86,info,false,"AdminBasicInfoController.LOGGER.info(""[addStation][Add Station by admin][Station id: {}]"", s.getId());","AdminBasicInfoController.LOGGER.info(""[addStation][Add Station by admin][Station id: {}]"", s.getId());",Unmodified,Not selected
ts-admin-basic-info-service/src/main/java/adminbasic/controller/AdminBasicInfoController.java,AdminBasicInfoController,getAllTrains,93,info,true,"AdminBasicInfoController.LOGGER.info(""[getAllTrains][Find All Train by admin][getAllStations]"");","AdminBasicInfoController.LOGGER.info(""[getAllTrains][Admin requested all train types]"");",Combined Evolution,依据车型列表入口移除误复制的 getAllStations 标签
ts-admin-basic-info-service/src/main/java/adminbasic/controller/AdminBasicInfoController.java,AdminBasicInfoController,deleteTrain,100,info,false,"AdminBasicInfoController.LOGGER.info(""[deleteTrain][Delete Train by admin][train id: {}]"", id);","AdminBasicInfoController.LOGGER.info(""[deleteTrain][Delete Train by admin][train id: {}]"", id);",Unmodified,Not selected
ts-admin-basic-info-service/src/main/java/adminbasic/controller/AdminBasicInfoController.java,AdminBasicInfoController,modifyTrain,107,info,true,"AdminBasicInfoController.LOGGER.info(""[modifyTrain][Modify Train by admin][TrainType id: {}]"", t.getId());","AdminBasicInfoController.LOGGER.info(""[modifyTrain] Admin train-type update; id={}"", t.getId());",Combined Evolution,表明请求修改车型，ID 字段与 TrainType 一致
ts-admin-basic-info-service/src/main/java/adminbasic/controller/AdminBasicInfoController.java,AdminBasicInfoController,addTrain,114,info,false,"AdminBasicInfoController.LOGGER.info(""[addTrain][Add Train by admin][TrainType id: {}]"", t.getId());","AdminBasicInfoController.LOGGER.info(""[addTrain][Add Train by admin][TrainType id: {}]"", t.getId());",Unmodified,Not selected
ts-admin-basic-info-service/src/main/java/adminbasic/controller/AdminBasicInfoController.java,AdminBasicInfoController,getAllConfigs,121,info,false,"AdminBasicInfoController.LOGGER.info(""[getAllConfigs][Find All Config by admin][getAllConfigs]"");","AdminBasicInfoController.LOGGER.info(""[getAllConfigs][Find All Config by admin][getAllConfigs]"");",Unmodified,Not selected
ts-admin-basic-info-service/src/main/java/adminbasic/controller/AdminBasicInfoController.java,AdminBasicInfoController,deleteConfig,128,info,false,"AdminBasicInfoController.LOGGER.info(""[deleteConfig][Delete Config by admin][Config name: {}]"", name);","AdminBasicInfoController.LOGGER.info(""[deleteConfig][Delete Config by admin][Config name: {}]"", name);",Unmodified,Not selected
ts-admin-basic-info-service/src/main/java/adminbasic/controller/AdminBasicInfoController.java,AdminBasicInfoController,modifyConfig,135,info,true,"AdminBasicInfoController.LOGGER.info(""[modifyConfig][Modify Config by admin][Config name: {}]"", c.getName());","AdminBasicInfoController.LOGGER.info(""[modifyConfig][Admin requested changes to configuration '{}']"", c.getName());",Combined Evolution,将配置名称置入修改请求句，不声称修改完成
ts-admin-basic-info-service/src/main/java/adminbasic/controller/AdminBasicInfoController.java,AdminBasicInfoController,addConfig,142,info,false,"AdminBasicInfoController.LOGGER.info(""[addConfig][Add Config by admin][Config name: {}]"", c.getName());","AdminBasicInfoController.LOGGER.info(""[addConfig][Add Config by admin][Config name: {}]"", c.getName());",Unmodified,Not selected
ts-admin-basic-info-service/src/main/java/adminbasic/controller/AdminBasicInfoController.java,AdminBasicInfoController,getAllPrices,149,info,false,"AdminBasicInfoController.LOGGER.info(""[getAllPrices][Find All Price by admin][getAllPrices]"");","AdminBasicInfoController.LOGGER.info(""[getAllPrices][Find All Price by admin][getAllPrices]"");",Unmodified,Not selected
ts-admin-basic-info-service/src/main/java/adminbasic/controller/AdminBasicInfoController.java,AdminBasicInfoController,deletePrice,156,info,false,"AdminBasicInfoController.LOGGER.info(""[deletePrice][Delete Price by admin][PriceInfo id: {}]"", pricesId);","AdminBasicInfoController.LOGGER.info(""[deletePrice][Delete Price by admin][PriceInfo id: {}]"", pricesId);",Unmodified,Not selected
ts-admin-basic-info-service/src/main/java/adminbasic/controller/AdminBasicInfoController.java,AdminBasicInfoController,modifyPrice,163,info,true,"AdminBasicInfoController.LOGGER.info(""[modifyPrice][Modify Price by admin][PriceInfo id: {}]"", pi.getId());","AdminBasicInfoController.LOGGER.info(""Price configuration {}: admin update requested"", pi.getId());",Combined Evolution,以配置 ID 开头表达管理员更新请求
ts-admin-basic-info-service/src/main/java/adminbasic/controller/AdminBasicInfoController.java,AdminBasicInfoController,addPrice,170,info,false,"AdminBasicInfoController.LOGGER.info(""[addPrice][Add Price by admin[PriceInfo id: {}]"", pi.getId());","AdminBasicInfoController.LOGGER.info(""[addPrice][Add Price by admin[PriceInfo id: {}]"", pi.getId());",Unmodified,Not selected
ts-admin-order-service/src/main/java/adminorder/service/AdminOrderServiceImpl.java,AdminOrderServiceImpl,getAllOrders,41,info,true,"AdminOrderServiceImpl.LOGGER.info(""[getAllOrders][Get All Orders: Generate Reponse Begin]"");","AdminOrderServiceImpl.LOGGER.info(""[getAllOrders] Preparing the combined order response"");",Combined Evolution,依据后续汇总两类订单描述响应组装开始
ts-admin-order-service/src/main/java/adminorder/service/AdminOrderServiceImpl.java,AdminOrderServiceImpl,getAllOrders,57,info,true,"AdminOrderServiceImpl.LOGGER.info(""[getAllOrders][Get Orders From ts-order-service successfully!]"");","AdminOrderServiceImpl.LOGGER.info(""Orders received successfully from ts-order-service"");",Combined Evolution,将服务来源和成功结果合并为无标签完整句
ts-admin-order-service/src/main/java/adminorder/service/AdminOrderServiceImpl.java,AdminOrderServiceImpl,getAllOrders,61,error,false,"AdminOrderServiceImpl.LOGGER.error(""[getAllOrders][receive response][Get Orders From ts-order-service fail!]"");","AdminOrderServiceImpl.LOGGER.error(""[getAllOrders][receive response][Get Orders From ts-order-service fail!]"");",Unmodified,Not selected
ts-admin-order-service/src/main/java/adminorder/service/AdminOrderServiceImpl.java,AdminOrderServiceImpl,getAllOrders,75,info,true,"AdminOrderServiceImpl.LOGGER.info(""[getAllOrders][Get Orders From ts-order-other-service successfully!]"");","AdminOrderServiceImpl.LOGGER.info(""ts-order-other-service returned its order list successfully"");",Combined Evolution,将普通订单服务的成功结果写为独立句
ts-admin-order-service/src/main/java/adminorder/service/AdminOrderServiceImpl.java,AdminOrderServiceImpl,getAllOrders,79,error,false,"AdminOrderServiceImpl.LOGGER.error(""[getAllOrders][receive response][Get Orders From ts-order-other-service fail!]"");","AdminOrderServiceImpl.LOGGER.error(""[getAllOrders][receive response][Get Orders From ts-order-other-service fail!]"");",Unmodified,Not selected
ts-admin-order-service/src/main/java/adminorder/service/AdminOrderServiceImpl.java,AdminOrderServiceImpl,deleteOrder,90,info,true,"AdminOrderServiceImpl.LOGGER.info(""[deleteOrder][Delete Order][orderId: {}, trainNumber: {}]"", orderId, trainNumber);","AdminOrderServiceImpl.LOGGER.info(""[deleteOrder] Deleting order {} for train {}"", orderId, trainNumber);",Combined Evolution,将订单及列车号按原顺序嵌入删除动作句
ts-admin-order-service/src/main/java/adminorder/service/AdminOrderServiceImpl.java,AdminOrderServiceImpl,deleteOrder,101,info,false,"AdminOrderServiceImpl.LOGGER.info(""[deleteOrder][Delete Order Other][trainNumber doesn't starts With G or D]"");","AdminOrderServiceImpl.LOGGER.info(""[deleteOrder][Delete Order Other][trainNumber doesn't starts With G or D]"");",Unmodified,Not selected
ts-admin-order-service/src/main/java/adminorder/service/AdminOrderServiceImpl.java,AdminOrderServiceImpl,updateOrder,120,info,true,"LOGGER.info(""[updateOrder][UPDATE ORDER INFO][request info: {}]"", request.toString());","LOGGER.info(""Applying requested order changes: {}"", request.toString());",Combined Evolution,去除重复更新标签，将请求对象直接接入动作句
ts-admin-order-service/src/main/java/adminorder/service/AdminOrderServiceImpl.java,AdminOrderServiceImpl,updateOrder,123,info,true,"AdminOrderServiceImpl.LOGGER.info(""[updateOrder][Update Order][trainNumber starts With G or D]"");","AdminOrderServiceImpl.LOGGER.info(""[updateOrder] G/D train detected; routing update to ts-order-service"");",Combined Evolution,结合编号判断澄清此分支的更新请求去向
ts-admin-order-service/src/main/java/adminorder/service/AdminOrderServiceImpl.java,AdminOrderServiceImpl,updateOrder,134,info,true,"AdminOrderServiceImpl.LOGGER.info(""[updateOrder][Add New Order Other][trainNumber doesn't starts With G or D]"");","AdminOrderServiceImpl.LOGGER.info(""Non-G/D order update uses ts-order-other-service [updateOrder]"");",Combined Evolution,依据实际更新分支澄清原错误的新增订单描述
ts-admin-order-service/src/main/java/adminorder/service/AdminOrderServiceImpl.java,AdminOrderServiceImpl,addOrder,152,info,false,"LOGGER.info(""[addOrder][ADD ORDER][request info: {}]"", request.toString());","LOGGER.info(""[addOrder][ADD ORDER][request info: {}]"", request.toString());",Unmodified,Not selected
ts-admin-order-service/src/main/java/adminorder/service/AdminOrderServiceImpl.java,AdminOrderServiceImpl,addOrder,154,info,false,"AdminOrderServiceImpl.LOGGER.info(""[addOrder][Add New Order][trainNumber starts With G or D]"");","AdminOrderServiceImpl.LOGGER.info(""[addOrder][Add New Order][trainNumber starts With G or D]"");",Unmodified,Not selected
ts-admin-order-service/src/main/java/adminorder/service/AdminOrderServiceImpl.java,AdminOrderServiceImpl,addOrder,165,info,false,"AdminOrderServiceImpl.LOGGER.info(""[addOrder][Add New Order Other][trainNumber doesn't starts With G or D]"");","AdminOrderServiceImpl.LOGGER.info(""[addOrder][Add New Order Other][trainNumber doesn't starts With G or D]"");",Unmodified,Not selected
ts-admin-travel-service/src/main/java/admintravel/service/AdminTravelServiceImpl.java,AdminTravelServiceImpl,getAllTravels,46,info,true,"AdminTravelServiceImpl.LOGGER.info(""[getAllTravels][Get All Travels]"");","AdminTravelServiceImpl.LOGGER.info(""[getAllTravels][Gathering trips for the admin listing]"");",Combined Evolution,依据汇总两类车次的服务入口说明正在查询管理员列表
ts-admin-travel-service/src/main/java/admintravel/service/AdminTravelServiceImpl.java,AdminTravelServiceImpl,getAllTravels,59,info,false,"AdminTravelServiceImpl.LOGGER.info(""[getAllTravels][Get Travel From ts-travel-service successfully!]"");","AdminTravelServiceImpl.LOGGER.info(""[getAllTravels][Get Travel From ts-travel-service successfully!]"");",Unmodified,Not selected
ts-admin-travel-service/src/main/java/admintravel/service/AdminTravelServiceImpl.java,AdminTravelServiceImpl,getAllTravels,62,error,false,"AdminTravelServiceImpl.LOGGER.error(""[getAllTravels][receive response][Get Travel From ts-travel-service fail!]"");","AdminTravelServiceImpl.LOGGER.error(""[getAllTravels][receive response][Get Travel From ts-travel-service fail!]"");",Unmodified,Not selected
ts-admin-travel-service/src/main/java/admintravel/service/AdminTravelServiceImpl.java,AdminTravelServiceImpl,getAllTravels,76,info,false,"AdminTravelServiceImpl.LOGGER.info(""[getAllTravels][Get Travel From ts-travel2-service successfully!]"");","AdminTravelServiceImpl.LOGGER.info(""[getAllTravels][Get Travel From ts-travel2-service successfully!]"");",Unmodified,Not selected
ts-admin-travel-service/src/main/java/admintravel/service/AdminTravelServiceImpl.java,AdminTravelServiceImpl,getAllTravels,80,error,true,"AdminTravelServiceImpl.LOGGER.error(""[getAllTravels][receive response][Get Travel From ts-travel2-service fail!]"");","AdminTravelServiceImpl.LOGGER.error(""[getAllTravels][ts-travel2-service did not return a successful trip response]"");",Combined Evolution,合并接收响应和失败标签，保留来源及失败状态
ts-admin-travel-service/src/main/java/admintravel/service/AdminTravelServiceImpl.java,AdminTravelServiceImpl,addTravel,115,info,false,"AdminTravelServiceImpl.LOGGER.info(""[addTravel][Admin add new travel][success]"");","AdminTravelServiceImpl.LOGGER.info(""[addTravel][Admin add new travel][success]"");",Unmodified,Not selected
ts-admin-travel-service/src/main/java/admintravel/service/AdminTravelServiceImpl.java,AdminTravelServiceImpl,addTravel,118,error,false,"AdminTravelServiceImpl.LOGGER.error(""[addTravel][receive response][Admin add new travel failed][trip id: {}]"", request.getTripId());","AdminTravelServiceImpl.LOGGER.error(""[addTravel][receive response][Admin add new travel failed][trip id: {}]"", request.getTripId());",Unmodified,Not selected
ts-admin-travel-service/src/main/java/admintravel/service/AdminTravelServiceImpl.java,AdminTravelServiceImpl,updateTravel,150,info,true,"AdminTravelServiceImpl.LOGGER.info(""[updateTravel][Admin update travel failed]"");","AdminTravelServiceImpl.LOGGER.info(""Admin trip update did not succeed (updateTravel)"");",Combined Evolution,将失败结果改为自然句并后置方法上下文
ts-admin-travel-service/src/main/java/admintravel/service/AdminTravelServiceImpl.java,AdminTravelServiceImpl,updateTravel,154,info,true,"AdminTravelServiceImpl.LOGGER.info(""[updateTravel][Admin update travel][success]"");","AdminTravelServiceImpl.LOGGER.info(""Admin trip update completed successfully (updateTravel)"");",Combined Evolution,成功分支使用完成态并后置方法上下文
ts-admin-travel-service/src/main/java/admintravel/service/AdminTravelServiceImpl.java,AdminTravelServiceImpl,deleteTravel,179,error,false,"AdminTravelServiceImpl.LOGGER.error(""[deleteTravel][receive response][Admin delete travel failed][trip id: {}]"", tripId);","AdminTravelServiceImpl.LOGGER.error(""[deleteTravel][receive response][Admin delete travel failed][trip id: {}]"", tripId);",Unmodified,Not selected
ts-admin-travel-service/src/main/java/admintravel/service/AdminTravelServiceImpl.java,AdminTravelServiceImpl,deleteTravel,183,info,true,"AdminTravelServiceImpl.LOGGER.info(""[deleteTravel][Admin delete travel success][trip id: {}]"", tripId);","AdminTravelServiceImpl.LOGGER.info(""Trip {} deleted by admin"", tripId);",Combined Evolution,保留删除成功和管理员主体，将车次参数嵌入句子
ts-admin-travel-service/src/main/java/admintravel/service/AdminTravelServiceImpl.java,AdminTravelServiceImpl,checkTravelInfo,200,warn,false,"AdminTravelServiceImpl.LOGGER.warn(
                    ""[queryForTravel][traintype doesn't exist][trainTypeName: {}]"",
                    info.getTrainTypeName());","AdminTravelServiceImpl.LOGGER.warn(
                    ""[queryForTravel][traintype doesn't exist][trainTypeName: {}]"",
                    info.getTrainTypeName());",Unmodified,Not selected
ts-admin-travel-service/src/main/java/admintravel/service/AdminTravelServiceImpl.java,AdminTravelServiceImpl,checkStationsExists,230,info,false,"AdminTravelServiceImpl.LOGGER.info(""[checkStationsExists][Check Stations Exists][stationNames: {}]"", stationNames);","AdminTravelServiceImpl.LOGGER.info(""[checkStationsExists][Check Stations Exists][stationNames: {}]"", stationNames);",Unmodified,Not selected
ts-admin-travel-service/src/main/java/admintravel/service/AdminTravelServiceImpl.java,AdminTravelServiceImpl,queryTrainTypeByName,257,info,false,"AdminTravelServiceImpl.LOGGER.info(""[queryTrainTypeByName][Query Train Type][Train Type name: {}]"", trainTypeName);","AdminTravelServiceImpl.LOGGER.info(""[queryTrainTypeByName][Query Train Type][Train Type name: {}]"", trainTypeName);",Unmodified,Not selected
ts-admin-travel-service/src/main/java/admintravel/service/AdminTravelServiceImpl.java,AdminTravelServiceImpl,getRouteByRouteId,271,info,true,"AdminTravelServiceImpl.LOGGER.info(""[getRouteByRouteId][Get Route By Id][Route ID：{}]"", routeId);","AdminTravelServiceImpl.LOGGER.info(""[getRouteByRouteId][Route lookup][routeId={}]"", routeId);",Combined Evolution,明确查询动作并修复路线 ID 标签中的乱码
ts-admin-travel-service/src/main/java/admintravel/service/AdminTravelServiceImpl.java,AdminTravelServiceImpl,getRouteByRouteId,281,warn,true,"AdminTravelServiceImpl.LOGGER.warn(""[getRouteByRouteId][Get Route By Id Failed][Fail msg: {}]"", result.getMsg());","AdminTravelServiceImpl.LOGGER.warn(""[getRouteByRouteId][Route service lookup failed][reason: {}]"", result.getMsg());",Combined Evolution,保留管理员路线查询失败及下游原因，合并重复动作标签
ts-admin-travel-service/src/main/java/admintravel/service/AdminTravelServiceImpl.java,AdminTravelServiceImpl,getRouteByRouteId,284,info,false,"AdminTravelServiceImpl.LOGGER.info(""[getRouteByRouteId][Get Route By Id][Success]"");","AdminTravelServiceImpl.LOGGER.info(""[getRouteByRouteId][Get Route By Id][Success]"");",Unmodified,Not selected
ts-admin-user-service/src/main/java/adminuser/service/AdminUserServiceImpl.java,AdminUserServiceImpl,getAllUsers,52,error,false,"AdminUserServiceImpl.LOGGER.error(""[getAllUsers][receive response][Get All Users error]"");","AdminUserServiceImpl.LOGGER.error(""[getAllUsers][receive response][Get All Users error]"");",Unmodified,Not selected
ts-admin-user-service/src/main/java/adminuser/service/AdminUserServiceImpl.java,AdminUserServiceImpl,getAllUsers,55,info,true,"AdminUserServiceImpl.LOGGER.info(""[getAllUsers][Get All Users][success]"");","AdminUserServiceImpl.LOGGER.info(""[getAllUsers] User list loaded successfully"");",Combined Evolution,合并全部用户查询和成功标签
ts-admin-user-service/src/main/java/adminuser/service/AdminUserServiceImpl.java,AdminUserServiceImpl,deleteUser,76,error,true,"AdminUserServiceImpl.LOGGER.error(""[deleteUser][receive response][Delete user error][userId: {}]"", userId);","AdminUserServiceImpl.LOGGER.error(""[deleteUser] Deletion failed for userId={}"", userId);",Combined Evolution,保留用户删除失败及 ID，精简响应标签
ts-admin-user-service/src/main/java/adminuser/service/AdminUserServiceImpl.java,AdminUserServiceImpl,deleteUser,79,info,true,"AdminUserServiceImpl.LOGGER.info(""[deleteUser][Delete user success][userId: {}]"", userId);","AdminUserServiceImpl.LOGGER.info(""User {} removed successfully [deleteUser]"", userId);",Combined Evolution,将用户标识融入成功句并后置方法标记
ts-admin-user-service/src/main/java/adminuser/service/AdminUserServiceImpl.java,AdminUserServiceImpl,updateUser,85,info,false,"LOGGER.info(""UPDATE USER: "" + userDto.toString());","LOGGER.info(""UPDATE USER: "" + userDto.toString());",Unmodified,Dynamic or concatenated message; retain expression and evaluation semantics
ts-admin-user-service/src/main/java/adminuser/service/AdminUserServiceImpl.java,AdminUserServiceImpl,updateUser,102,error,false,"AdminUserServiceImpl.LOGGER.error(""[updateUser][receive response][Update user error][userName: {}]"", userName);","AdminUserServiceImpl.LOGGER.error(""[updateUser][receive response][Update user error][userName: {}]"", userName);",Unmodified,Not selected
ts-admin-user-service/src/main/java/adminuser/service/AdminUserServiceImpl.java,AdminUserServiceImpl,updateUser,105,info,true,"AdminUserServiceImpl.LOGGER.info(""[updateUser][Update user success][userName: {}]"", userName);","AdminUserServiceImpl.LOGGER.info(""Changes for user '{}' were saved successfully"", userName);",Combined Evolution,把用户名嵌入完成句，保留修改成功语义
ts-admin-user-service/src/main/java/adminuser/service/AdminUserServiceImpl.java,AdminUserServiceImpl,addUser,111,info,false,"LOGGER.info(""[addUser][ADD USER INFO][UserDto: {}]"", userDto.toString());","LOGGER.info(""[addUser][ADD USER INFO][UserDto: {}]"", userDto.toString());",Unmodified,Not selected
ts-admin-user-service/src/main/java/adminuser/service/AdminUserServiceImpl.java,AdminUserServiceImpl,addUser,124,error,true,"AdminUserServiceImpl.LOGGER.error(""[addUser][receive response][Add user error][userName: {}]"", userName);","AdminUserServiceImpl.LOGGER.error(""User creation failed (userName={})"", userName);",Combined Evolution,直接说明创建失败并保留用户名上下文
ts-admin-user-service/src/main/java/adminuser/service/AdminUserServiceImpl.java,AdminUserServiceImpl,addUser,127,info,false,"AdminUserServiceImpl.LOGGER.info(""[addUser][Add user success][userName: {}]"", userName);","AdminUserServiceImpl.LOGGER.info(""[addUser][Add user success][userName: {}]"", userName);",Unmodified,Not selected
ts-assurance-service/src/main/java/assurance/controller/AssuranceController.java,AssuranceController,getAllAssurances,35,info,true,"AssuranceController.LOGGER.info(""[getAllAssurances][Get All Assurances]"");","AssuranceController.LOGGER.info(""Request received for the complete assurance list"");",Combined Evolution,使用无标签请求句，保持 Controller 调用前时态
ts-assurance-service/src/main/java/assurance/controller/AssuranceController.java,AssuranceController,getAllAssuranceType,42,info,false,"AssuranceController.LOGGER.info(""[getAllAssuranceType][Get Assurance Type]"");","AssuranceController.LOGGER.info(""[getAllAssuranceType][Get Assurance Type]"");",Unmodified,Not selected
ts-assurance-service/src/main/java/assurance/controller/AssuranceController.java,AssuranceController,deleteAssurance,49,info,false,"AssuranceController.LOGGER.info(""[deleteAssurance][Delete Assurance][assuranceId: {}]"", assuranceId);","AssuranceController.LOGGER.info(""[deleteAssurance][Delete Assurance][assuranceId: {}]"", assuranceId);",Unmodified,Not selected
ts-assurance-service/src/main/java/assurance/controller/AssuranceController.java,AssuranceController,deleteAssuranceByOrderId,56,info,false,"AssuranceController.LOGGER.info(""[deleteAssuranceByOrderId][Delete Assurance by orderId][orderId: {}]"", orderId);","AssuranceController.LOGGER.info(""[deleteAssuranceByOrderId][Delete Assurance by orderId][orderId: {}]"", orderId);",Unmodified,Not selected
ts-assurance-service/src/main/java/assurance/controller/AssuranceController.java,AssuranceController,modifyAssurance,65,info,true,"AssuranceController.LOGGER.info(""[modifyAssurance][Modify Assurance][assuranceId: {}, orderId: {}, typeIndex: {}]"",
                assuranceId, orderId, typeIndex);","AssuranceController.LOGGER.info(""Assurance update requested: assuranceId={}, orderId={}, typeIndex={}"",
                assuranceId, orderId, typeIndex);",Combined Evolution,将请求和三个字段合并呈现，保留原参数次序与跨行调用
ts-assurance-service/src/main/java/assurance/controller/AssuranceController.java,AssuranceController,createNewAssurance,75,info,false,"AssuranceController.LOGGER.info(""[createNewAssurance][Create new assurance][typeIndex: {}, orderId: {}]"", typeIndex, orderId);","AssuranceController.LOGGER.info(""[createNewAssurance][Create new assurance][typeIndex: {}, orderId: {}]"", typeIndex, orderId);",Unmodified,Not selected
ts-assurance-service/src/main/java/assurance/controller/AssuranceController.java,AssuranceController,getAssuranceById,82,info,false,"AssuranceController.LOGGER.info(""[getAssuranceById][Find assurance by assuranceId][assureId: {}]"", assuranceId);","AssuranceController.LOGGER.info(""[getAssuranceById][Find assurance by assuranceId][assureId: {}]"", assuranceId);",Unmodified,Not selected
ts-assurance-service/src/main/java/assurance/controller/AssuranceController.java,AssuranceController,findAssuranceByOrderId,89,info,false,"AssuranceController.LOGGER.info(""[findAssuranceByOrderId][Find assurance by orderId][orderId: {}]"", orderId);","AssuranceController.LOGGER.info(""[findAssuranceByOrderId][Find assurance by orderId][orderId: {}]"", orderId);",Unmodified,Not selected
ts-assurance-service/src/main/java/assurance/service/AssuranceServiceImpl.java,AssuranceServiceImpl,findAssuranceById,32,warn,false,"AssuranceServiceImpl.LOGGER.warn(""[findAssuranceById][find assurance][No content][assurance id: {}]"", id);","AssuranceServiceImpl.LOGGER.warn(""[findAssuranceById][find assurance][No content][assurance id: {}]"", id);",Unmodified,Not selected
ts-assurance-service/src/main/java/assurance/service/AssuranceServiceImpl.java,AssuranceServiceImpl,findAssuranceById,35,info,false,"AssuranceServiceImpl.LOGGER.info(""[findAssuranceById][Find Assurance][assurance id: {}]"", id);","AssuranceServiceImpl.LOGGER.info(""[findAssuranceById][Find Assurance][assurance id: {}]"", id);",Unmodified,Not selected
ts-assurance-service/src/main/java/assurance/service/AssuranceServiceImpl.java,AssuranceServiceImpl,findAssuranceByOrderId,44,warn,false,"AssuranceServiceImpl.LOGGER.warn(""[findAssuranceByOrderId][find assurance][No content][orderId: {}]"", orderId);","AssuranceServiceImpl.LOGGER.warn(""[findAssuranceByOrderId][find assurance][No content][orderId: {}]"", orderId);",Unmodified,Not selected
ts-assurance-service/src/main/java/assurance/service/AssuranceServiceImpl.java,AssuranceServiceImpl,findAssuranceByOrderId,47,info,false,"AssuranceServiceImpl.LOGGER.info(""[findAssuranceByOrderId][find assurance success][orderId: {}]"", orderId);","AssuranceServiceImpl.LOGGER.info(""[findAssuranceByOrderId][find assurance success][orderId: {}]"", orderId);",Unmodified,Not selected
ts-assurance-service/src/main/java/assurance/service/AssuranceServiceImpl.java,AssuranceServiceImpl,create,57,error,true,"AssuranceServiceImpl.LOGGER.error(""[create][AddAssurance Fail][Assurance already exists][typeIndex: {}, orderId: {}]"", typeIndex, orderId);","AssuranceServiceImpl.LOGGER.error(""[create] Duplicate assurance prevents creation (typeIndex={}, orderId={})"", typeIndex, orderId);",Combined Evolution,说明已存在的保险阻止新增，保持类型和订单顺序
ts-assurance-service/src/main/java/assurance/service/AssuranceServiceImpl.java,AssuranceServiceImpl,create,60,warn,false,"AssuranceServiceImpl.LOGGER.warn(""[create][AddAssurance Fail][Assurance type doesn't exist][typeIndex: {}, orderId: {}]"", typeIndex, orderId);","AssuranceServiceImpl.LOGGER.warn(""[create][AddAssurance Fail][Assurance type doesn't exist][typeIndex: {}, orderId: {}]"", typeIndex, orderId);",Unmodified,Not selected
ts-assurance-service/src/main/java/assurance/service/AssuranceServiceImpl.java,AssuranceServiceImpl,create,65,info,false,"AssuranceServiceImpl.LOGGER.info(""[create][AddAssurance][Success]"");","AssuranceServiceImpl.LOGGER.info(""[create][AddAssurance][Success]"");",Unmodified,Not selected
ts-assurance-service/src/main/java/assurance/service/AssuranceServiceImpl.java,AssuranceServiceImpl,deleteById,75,info,false,"AssuranceServiceImpl.LOGGER.info(""[deleteById][DeleteAssurance success][assuranceId: {}]"", assuranceId);","AssuranceServiceImpl.LOGGER.info(""[deleteById][DeleteAssurance success][assuranceId: {}]"", assuranceId);",Unmodified,Not selected
ts-assurance-service/src/main/java/assurance/service/AssuranceServiceImpl.java,AssuranceServiceImpl,deleteById,78,error,false,"AssuranceServiceImpl.LOGGER.error(""[deleteById][DeleteAssurance Fail][Assurance not clear][assuranceId: {}]"", assuranceId);","AssuranceServiceImpl.LOGGER.error(""[deleteById][DeleteAssurance Fail][Assurance not clear][assuranceId: {}]"", assuranceId);",Unmodified,Not selected
ts-assurance-service/src/main/java/assurance/service/AssuranceServiceImpl.java,AssuranceServiceImpl,deleteByOrderId,88,info,true,"AssuranceServiceImpl.LOGGER.info(""[deleteByOrderId][DeleteAssurance Success][orderId: {}]"", orderId);","AssuranceServiceImpl.LOGGER.info(""[deleteByOrderId] Assurance removed for order {}"", orderId);",Combined Evolution,合并删除成功和订单字段为自然句
ts-assurance-service/src/main/java/assurance/service/AssuranceServiceImpl.java,AssuranceServiceImpl,deleteByOrderId,91,error,false,"AssuranceServiceImpl.LOGGER.error(""[deleteByOrderId][DeleteAssurance Fail][Assurance not clear][orderId: {}]"", orderId);","AssuranceServiceImpl.LOGGER.error(""[deleteByOrderId][DeleteAssurance Fail][Assurance not clear][orderId: {}]"", orderId);",Unmodified,Not selected
ts-assurance-service/src/main/java/assurance/service/AssuranceServiceImpl.java,AssuranceServiceImpl,modify,101,error,true,"AssuranceServiceImpl.LOGGER.error(""[modify][ModifyAssurance Fail][Assurance not found][assuranceId: {}, orderId: {}, typeIndex: {}]"", assuranceId, orderId, typeIndex);","AssuranceServiceImpl.LOGGER.error(""[modify][Cannot update a missing assurance][assuranceId: {}, orderId: {}, typeIndex: {}]"", assuranceId, orderId, typeIndex);",Wording Change,自然说明保险缺失导致修改失败，保留三字段原结构
ts-assurance-service/src/main/java/assurance/service/AssuranceServiceImpl.java,AssuranceServiceImpl,modify,108,info,false,"AssuranceServiceImpl.LOGGER.info(""[modify][ModifyAssurance Success][assuranceId: {}, orderId: {}, typeIndex: {}]"", assuranceId, orderId, typeIndex);","AssuranceServiceImpl.LOGGER.info(""[modify][ModifyAssurance Success][assuranceId: {}, orderId: {}, typeIndex: {}]"", assuranceId, orderId, typeIndex);",Unmodified,Not selected
ts-assurance-service/src/main/java/assurance/service/AssuranceServiceImpl.java,AssuranceServiceImpl,modify,111,error,false,"AssuranceServiceImpl.LOGGER.error(""[modify][ModifyAssurance Fail][Assurance Type not exist][assuranceId: {}, orderId: {}, typeIndex: {}]"", assuranceId, orderId, typeIndex);","AssuranceServiceImpl.LOGGER.error(""[modify][ModifyAssurance Fail][Assurance Type not exist][assuranceId: {}, orderId: {}, typeIndex: {}]"", assuranceId, orderId, typeIndex);",Unmodified,Not selected
ts-assurance-service/src/main/java/assurance/service/AssuranceServiceImpl.java,AssuranceServiceImpl,getAllAssurances,131,info,false,"AssuranceServiceImpl.LOGGER.info(""[getAllAssurances][find all assurance success][list size: {}]"", as.size());","AssuranceServiceImpl.LOGGER.info(""[getAllAssurances][find all assurance success][list size: {}]"", as.size());",Unmodified,Not selected
ts-assurance-service/src/main/java/assurance/service/AssuranceServiceImpl.java,AssuranceServiceImpl,getAllAssurances,134,warn,false,"AssuranceServiceImpl.LOGGER.warn(""[getAllAssurances][find all assurance][No content]"");","AssuranceServiceImpl.LOGGER.warn(""[getAllAssurances][find all assurance][No content]"");",Unmodified,Not selected
ts-assurance-service/src/main/java/assurance/service/AssuranceServiceImpl.java,AssuranceServiceImpl,getAllAssuranceTypes,151,info,true,"AssuranceServiceImpl.LOGGER.info(""[getAllAssuranceTypes][find all assurance type success][list size: {}]"", atlist.size());","AssuranceServiceImpl.LOGGER.info(""Available assurance types: {} (getAllAssuranceTypes)"", atlist.size());",Combined Evolution,依据 list.size 明确返回的保险类型数量，后置操作名
ts-assurance-service/src/main/java/assurance/service/AssuranceServiceImpl.java,AssuranceServiceImpl,getAllAssuranceTypes,154,warn,true,"AssuranceServiceImpl.LOGGER.warn(""[getAllAssuranceTypes][find all assurance type][No content]"");","AssuranceServiceImpl.LOGGER.warn(""[getAllAssuranceTypes] No assurance types are available"");",Combined Evolution,把无内容结果与查询对象合并表达
ts-auth-service/src/main/java/auth/security/UserDetailsServiceImpl.java,UserDetailsServiceImpl,loadUserByUsername,28,info,true,"LOGGER.info(""[loadUserByUsername][load UsernamePasswordAuthenticationToken][username: {}]"", s);","LOGGER.info(""[loadUserByUsername] Loading authentication details for '{}'"", s);",Combined Evolution,依据用户仓库查询澄清用户名对应认证资料，未报告已找到
ts-auth-service/src/main/java/auth/service/impl/TokenServiceImpl.java,TokenServiceImpl,getToken,76,info,false,"LOGGER.info(""[getToken][Verification failed][userName: {}]"", username);","LOGGER.info(""[getToken][Verification failed][userName: {}]"", username);",Unmodified,Not selected
ts-auth-service/src/main/java/auth/service/impl/TokenServiceImpl.java,TokenServiceImpl,getToken,86,warn,true,"LOGGER.warn(""[getToken][Incorrect username or password][username: {}, password: {}]"", username, password);","LOGGER.warn(""[getToken][Authentication rejected: incorrect username or password][username={}, password={}]"", username, password);",Combined Evolution,保留认证拒绝原因及已有凭据参数，仅自然改写文本和分隔
ts-auth-service/src/main/java/auth/service/impl/TokenServiceImpl.java,TokenServiceImpl,getToken,95,info,true,"LOGGER.info(""[getToken][success][USER TOKEN: {} USER ID: {}]"", token, user.getUserId());","LOGGER.info(""Login succeeded: token={}, userId={}"", token, user.getUserId());",Combined Evolution,保留令牌在前用户 ID 在后的成功结果，不增添敏感字段
ts-auth-service/src/main/java/auth/service/impl/UserServiceImpl.java,UserServiceImpl,createDefaultAuthUser,53,info,false,"LOGGER.info(""[createDefaultAuthUser][Register User Info][AuthDto name: {}]"", dto.getUserName());","LOGGER.info(""[createDefaultAuthUser][Register User Info][AuthDto name: {}]"", dto.getUserName());",Unmodified,Not selected
ts-auth-service/src/main/java/auth/service/impl/UserServiceImpl.java,UserServiceImpl,createDefaultAuthUser,63,error,false,"LOGGER.error(""[createDefaultAuthUser][Create default auth user][UserOperationException][message: {}]"", e.getMessage());","LOGGER.error(""[createDefaultAuthUser][Create default auth user][UserOperationException][message: {}]"", e.getMessage());",Unmodified,Not selected
ts-auth-service/src/main/java/auth/service/impl/UserServiceImpl.java,UserServiceImpl,deleteByUserId,71,info,false,"LOGGER.info(""[deleteByUserId][DELETE USER][user id: {}]"", userId);","LOGGER.info(""[deleteByUserId][DELETE USER][user id: {}]"", userId);",Unmodified,Not selected
ts-auth-service/src/main/java/auth/service/impl/UserServiceImpl.java,UserServiceImpl,checkUserCreateInfo,82,info,true,"LOGGER.info(""[checkUserCreateInfo][Check user create info][userId: {}, userName: {}]"", user.getUserId(), user.getUsername());","LOGGER.info(""[checkUserCreateInfo] Validating new user details [userId={}, userName={}]"", user.getUserId(), user.getUsername());",Combined Evolution,将创建信息检查改为动作句，保留 ID 与用户名映射
ts-auth-service/src/main/java/auth/service/impl/UserServiceImpl.java,UserServiceImpl,checkUserCreateInfo,101,warn,false,LOGGER.warn(infos.toString());,LOGGER.warn(infos.toString());,Unmodified,Dynamic or concatenated message; retain expression and evaluation semantics
ts-basic-service/src/main/java/fdse/microservice/service/BasicServiceImpl.java,BasicServiceImpl,queryForTravel,56,warn,true,"BasicServiceImpl.LOGGER.warn(""[queryForTravel][Start place not exist][start place: {}]"", info.getStartPlace());","BasicServiceImpl.LOGGER.warn(""Departure station '{}' does not exist"", info.getStartPlace());",Combined Evolution,根据起点检查分支把站名融入缺失提示
ts-basic-service/src/main/java/fdse/microservice/service/BasicServiceImpl.java,BasicServiceImpl,queryForTravel,58,warn,false,"BasicServiceImpl.LOGGER.warn(""[queryForTravel][End place not exist][end place: {}]"", info.getEndPlace());","BasicServiceImpl.LOGGER.warn(""[queryForTravel][End place not exist][end place: {}]"", info.getEndPlace());",Unmodified,Not selected
ts-basic-service/src/main/java/fdse/microservice/service/BasicServiceImpl.java,BasicServiceImpl,queryForTravel,63,warn,false,"BasicServiceImpl.LOGGER.warn(""[queryForTravel][traintype doesn't exist][trainTypeName: {}]"", info.getTrip().getTrainTypeName());","BasicServiceImpl.LOGGER.warn(""[queryForTravel][traintype doesn't exist][trainTypeName: {}]"", info.getTrip().getTrainTypeName());",Unmodified,Not selected
ts-basic-service/src/main/java/fdse/microservice/service/BasicServiceImpl.java,BasicServiceImpl,queryForTravel,90,info,true,"LOGGER.info(""[queryForTravel][query start index and end index][indexStart: {} indexEnd: {}]"", indexStart, indexEnd);","LOGGER.info(""[queryForTravel] Route positions: startIndex={}, endIndex={}"", indexStart, indexEnd);",Combined Evolution,依据路线上两个索引明确字段含义
ts-basic-service/src/main/java/fdse/microservice/service/BasicServiceImpl.java,BasicServiceImpl,queryForTravel,91,info,false,"LOGGER.info(""[queryForTravel][query stations and distances][stations: {} distances: {}]"", route.getStations(), route.getDistances());","LOGGER.info(""[queryForTravel][query stations and distances][stations: {} distances: {}]"", route.getStations(), route.getDistances());",Unmodified,Not selected
ts-basic-service/src/main/java/fdse/microservice/service/BasicServiceImpl.java,BasicServiceImpl,queryForTravel,118,info,false,"BasicServiceImpl.LOGGER.info(""[queryForTravel][all done][result: {}]"", result);","BasicServiceImpl.LOGGER.info(""[queryForTravel][all done][result: {}]"", result);",Unmodified,Not selected
ts-basic-service/src/main/java/fdse/microservice/service/BasicServiceImpl.java,BasicServiceImpl,queryForTravels,319,info,true,"BasicServiceImpl.LOGGER.info(""[queryForTravels][all done][result map: {}]"", trMap);","BasicServiceImpl.LOGGER.info(""Travel batch completed; results={}"", trMap);",Combined Evolution,保留批量计算完成及结果映射，精简模糊 all done 标签
ts-basic-service/src/main/java/fdse/microservice/service/BasicServiceImpl.java,BasicServiceImpl,queryForStationId,325,info,false,"BasicServiceImpl.LOGGER.info(""[queryForStationId][Query For Station Id][stationName: {}]"", stationName);","BasicServiceImpl.LOGGER.info(""[queryForStationId][Query For Station Id][stationName: {}]"", stationName);",Unmodified,Not selected
ts-basic-service/src/main/java/fdse/microservice/service/BasicServiceImpl.java,BasicServiceImpl,queryForStationId,335,warn,false,"BasicServiceImpl.LOGGER.warn(""[queryForStationId][Query for stationId error][stationName: {}, message: {}]"", stationName, msg);","BasicServiceImpl.LOGGER.warn(""[queryForStationId][Query for stationId error][stationName: {}, message: {}]"", stationName, msg);",Unmodified,Not selected
ts-basic-service/src/main/java/fdse/microservice/service/BasicServiceImpl.java,BasicServiceImpl,checkStationsExists,342,info,false,"BasicServiceImpl.LOGGER.info(""[checkStationsExists][Check Stations Exists][stationNames: {}]"", stationNames);","BasicServiceImpl.LOGGER.info(""[checkStationsExists][Check Stations Exists][stationNames: {}]"", stationNames);",Unmodified,Not selected
ts-basic-service/src/main/java/fdse/microservice/service/BasicServiceImpl.java,BasicServiceImpl,checkStationExists,359,info,false,"BasicServiceImpl.LOGGER.info(""[checkStationExists][Check Station Exists][stationName: {}]"", stationName);","BasicServiceImpl.LOGGER.info(""[checkStationExists][Check Station Exists][stationName: {}]"", stationName);",Unmodified,Not selected
ts-basic-service/src/main/java/fdse/microservice/service/BasicServiceImpl.java,BasicServiceImpl,queryTrainTypeByNames,373,info,false,"BasicServiceImpl.LOGGER.info(""[queryTrainTypeByNames][Query Train Type][Train Type names: {}]"", trainTypeNames);","BasicServiceImpl.LOGGER.info(""[queryTrainTypeByNames][Query Train Type][Train Type names: {}]"", trainTypeNames);",Unmodified,Not selected
ts-basic-service/src/main/java/fdse/microservice/service/BasicServiceImpl.java,BasicServiceImpl,queryTrainTypeByName,390,info,false,"BasicServiceImpl.LOGGER.info(""[queryTrainTypeByName][Query Train Type][Train Type name: {}]"", trainTypeName);","BasicServiceImpl.LOGGER.info(""[queryTrainTypeByName][Query Train Type][Train Type name: {}]"", trainTypeName);",Unmodified,Not selected
ts-basic-service/src/main/java/fdse/microservice/service/BasicServiceImpl.java,BasicServiceImpl,getRoutesByRouteIds,404,info,true,"BasicServiceImpl.LOGGER.info(""[getRoutesByRouteIds][Get Route By Ids][Route IDs：{}]"", routeIds);","BasicServiceImpl.LOGGER.info(""[getRoutesByRouteIds][Batch route lookup][routeIds: {}]"", routeIds);",Combined Evolution,明确批量路线查询并修复原字段乱码
ts-basic-service/src/main/java/fdse/microservice/service/BasicServiceImpl.java,BasicServiceImpl,getRoutesByRouteIds,414,warn,true,"BasicServiceImpl.LOGGER.warn(""[getRoutesByRouteIds][Get Route By Ids Failed][Fail msg: {}]"", result.getMsg());","BasicServiceImpl.LOGGER.warn(""Route batch lookup failed: {} [getRoutesByRouteIds]"", result.getMsg());",Combined Evolution,将下游原因接入失败句并后置方法名
ts-basic-service/src/main/java/fdse/microservice/service/BasicServiceImpl.java,BasicServiceImpl,getRoutesByRouteIds,417,info,false,"BasicServiceImpl.LOGGER.info(""[getRoutesByRouteIds][Get Route By Ids][Success]"");","BasicServiceImpl.LOGGER.info(""[getRoutesByRouteIds][Get Route By Ids][Success]"");",Unmodified,Not selected
ts-basic-service/src/main/java/fdse/microservice/service/BasicServiceImpl.java,BasicServiceImpl,getRouteByRouteId,424,info,false,"BasicServiceImpl.LOGGER.info(""[getRouteByRouteId][Get Route By Id][Route ID：{}]"", routeId);","BasicServiceImpl.LOGGER.info(""[getRouteByRouteId][Get Route By Id][Route ID：{}]"", routeId);",Unmodified,Not selected
ts-basic-service/src/main/java/fdse/microservice/service/BasicServiceImpl.java,BasicServiceImpl,getRouteByRouteId,434,warn,false,"BasicServiceImpl.LOGGER.warn(""[getRouteByRouteId][Get Route By Id Failed][Fail msg: {}]"", result.getMsg());","BasicServiceImpl.LOGGER.warn(""[getRouteByRouteId][Get Route By Id Failed][Fail msg: {}]"", result.getMsg());",Unmodified,Not selected
ts-basic-service/src/main/java/fdse/microservice/service/BasicServiceImpl.java,BasicServiceImpl,getRouteByRouteId,437,info,false,"BasicServiceImpl.LOGGER.info(""[getRouteByRouteId][Get Route By Id][Success]"");","BasicServiceImpl.LOGGER.info(""[getRouteByRouteId][Get Route By Id][Success]"");",Unmodified,Not selected
ts-basic-service/src/main/java/fdse/microservice/service/BasicServiceImpl.java,BasicServiceImpl,queryPriceConfigByRouteIdAndTrainType,443,info,true,"BasicServiceImpl.LOGGER.info(""[queryPriceConfigByRouteIdAndTrainType][Query For Price Config][RouteId: {} ,TrainType: {}]"", routeId, trainType);","BasicServiceImpl.LOGGER.info(""[queryPriceConfigByRouteIdAndTrainType] Finding a price for route {} and train type {}"", routeId, trainType);",Combined Evolution,将路线和车型按原序置入价格配置查询句
ts-basic-service/src/main/java/fdse/microservice/service/BasicServiceImpl.java,BasicServiceImpl,queryPriceConfigByRouteIdAndTrainType,453,info,false,"BasicServiceImpl.LOGGER.info(""[queryPriceConfigByRouteIdAndTrainType][Response Resutl to String][result: {}]"", result.toString());","BasicServiceImpl.LOGGER.info(""[queryPriceConfigByRouteIdAndTrainType][Response Resutl to String][result: {}]"", result.toString());",Unmodified,Not selected
ts-basic-service/src/main/java/fdse/microservice/service/BasicServiceImpl.java,BasicServiceImpl,queryPriceConfigByRouteIdsAndTrainTypes,458,info,false,"BasicServiceImpl.LOGGER.info(""[queryPriceConfigByRouteIdsAndTrainTypes][Query For Price Config][RouteId and TrainType: {}]"", routeIdsTypes);","BasicServiceImpl.LOGGER.info(""[queryPriceConfigByRouteIdsAndTrainTypes][Query For Price Config][RouteId and TrainType: {}]"", routeIdsTypes);",Unmodified,Not selected
ts-basic-service/src/main/java/fdse/microservice/service/BasicServiceImpl.java,BasicServiceImpl,queryPriceConfigByRouteIdsAndTrainTypes,470,warn,false,"BasicServiceImpl.LOGGER.warn(""[queryPriceConfigByRouteIdsAndTrainTypes][Get Price Config by routeId and trainType Failed][Fail msg: {}]"", result.getMsg());","BasicServiceImpl.LOGGER.warn(""[queryPriceConfigByRouteIdsAndTrainTypes][Get Price Config by routeId and trainType Failed][Fail msg: {}]"", result.getMsg());",Unmodified,Not selected
ts-basic-service/src/main/java/fdse/microservice/service/BasicServiceImpl.java,BasicServiceImpl,queryPriceConfigByRouteIdsAndTrainTypes,477,warn,false,"BasicServiceImpl.LOGGER.warn(""[queryPriceConfigByRouteIdsAndTrainTypes][Get Price Config by routeId and trainType Failed][Fail msg: {}]"", e.getMessage());","BasicServiceImpl.LOGGER.warn(""[queryPriceConfigByRouteIdsAndTrainTypes][Get Price Config by routeId and trainType Failed][Fail msg: {}]"", e.getMessage());",Unmodified,Not selected
ts-basic-service/src/main/java/fdse/microservice/service/BasicServiceImpl.java,BasicServiceImpl,queryPriceConfigByRouteIdsAndTrainTypes,480,info,true,"BasicServiceImpl.LOGGER.info(""[queryPriceConfigByRouteIdsAndTrainTypes][Get Price Config by routeId and trainType][Success][priceConfigs: {}]"", result.getData());","BasicServiceImpl.LOGGER.info(""[queryPriceConfigByRouteIdsAndTrainTypes][Price configuration lookup succeeded][priceConfigs: {}]"", result.getData());",Combined Evolution,保留批量配置查询成功和结果字段，合并冗余动作标签
ts-cancel-service/src/main/java/cancel/controller/CancelController.java,CancelController,calculate,35,info,false,"CancelController.LOGGER.info(""[calculate][Calculate Cancel Refund][OrderId: {}]"", orderId);","CancelController.LOGGER.info(""[calculate][Calculate Cancel Refund][OrderId: {}]"", orderId);",Unmodified,Not selected
ts-cancel-service/src/main/java/cancel/controller/CancelController.java,CancelController,cancelTicket,44,info,true,"CancelController.LOGGER.info(""[cancelTicket][Cancel Ticket][info: {}]"", orderId);","CancelController.LOGGER.info(""Cancellation requested for order {}"", orderId);",Combined Evolution,移除重复取消标签，将订单 ID 融入请求句
ts-cancel-service/src/main/java/cancel/controller/CancelController.java,CancelController,cancelTicket,46,info,true,"CancelController.LOGGER.info(""[cancelTicket][Cancel Ticket, Verify Success]"");","CancelController.LOGGER.info(""[cancelTicket] Cancellation verification passed"");",Combined Evolution,保留原校验通过含义，未把后续取消调用写成已完成
ts-cancel-service/src/main/java/cancel/controller/CancelController.java,CancelController,cancelTicket,49,error,false,CancelController.LOGGER.error(e.getMessage());,CancelController.LOGGER.error(e.getMessage());,Unmodified,Dynamic or concatenated message; retain expression and evaluation semantics
ts-cancel-service/src/main/java/cancel/service/CancelServiceImpl.java,CancelServiceImpl,cancelOrder,50,info,false,"CancelServiceImpl.LOGGER.info(""[cancelOrder][Cancel Order, Order found G|H]"");","CancelServiceImpl.LOGGER.info(""[cancelOrder][Cancel Order, Order found G|H]"");",Unmodified,Not selected
ts-cancel-service/src/main/java/cancel/service/CancelServiceImpl.java,CancelServiceImpl,cancelOrder,61,info,true,"CancelServiceImpl.LOGGER.info(""[cancelOrder][Cancel Order Success]"");","CancelServiceImpl.LOGGER.info(""Order cancellation was confirmed successfully"");",Combined Evolution,用完整完成句表达取消确认，不涉及随后退款结果
ts-cancel-service/src/main/java/cancel/service/CancelServiceImpl.java,CancelServiceImpl,cancelOrder,66,info,false,"CancelServiceImpl.LOGGER.info(""[cancelOrder][Draw Back Money Success]"");","CancelServiceImpl.LOGGER.info(""[cancelOrder][Draw Back Money Success]"");",Unmodified,Not selected
ts-cancel-service/src/main/java/cancel/service/CancelServiceImpl.java,CancelServiceImpl,cancelOrder,90,error,false,"CancelServiceImpl.LOGGER.error(""[cancelOrder][Draw Back Money Failed][loginId: {}, orderId: {}]"", loginId, orderId);","CancelServiceImpl.LOGGER.error(""[cancelOrder][Draw Back Money Failed][loginId: {}, orderId: {}]"", loginId, orderId);",Unmodified,Not selected
ts-cancel-service/src/main/java/cancel/service/CancelServiceImpl.java,CancelServiceImpl,cancelOrder,94,error,false,"CancelServiceImpl.LOGGER.error(""[cancelOrder][Cancel Order Failed][orderId: {}, Reason: {}]"", orderId, changeOrderResult.getMsg());","CancelServiceImpl.LOGGER.error(""[cancelOrder][Cancel Order Failed][orderId: {}, Reason: {}]"", orderId, changeOrderResult.getMsg());",Unmodified,Not selected
ts-cancel-service/src/main/java/cancel/service/CancelServiceImpl.java,CancelServiceImpl,cancelOrder,99,info,false,"CancelServiceImpl.LOGGER.info(""[cancelOrder][Cancel Order, Order Status Not Permitted][loginId: {}, orderId: {}]"", loginId, orderId);","CancelServiceImpl.LOGGER.info(""[cancelOrder][Cancel Order, Order Status Not Permitted][loginId: {}, orderId: {}]"", loginId, orderId);",Unmodified,Not selected
ts-cancel-service/src/main/java/cancel/service/CancelServiceImpl.java,CancelServiceImpl,cancelOrder,106,info,false,"CancelServiceImpl.LOGGER.info(""[cancelOrder][Cancel Order, Order found Z|K|Other]"");","CancelServiceImpl.LOGGER.info(""[cancelOrder][Cancel Order, Order found Z|K|Other]"");",Unmodified,Not selected
ts-cancel-service/src/main/java/cancel/service/CancelServiceImpl.java,CancelServiceImpl,cancelOrder,112,info,false,"CancelServiceImpl.LOGGER.info(""[cancelOrder][Cancel Order, Order status ok]"");","CancelServiceImpl.LOGGER.info(""[cancelOrder][Cancel Order, Order status ok]"");",Unmodified,Not selected
ts-cancel-service/src/main/java/cancel/service/CancelServiceImpl.java,CancelServiceImpl,cancelOrder,118,info,true,"CancelServiceImpl.LOGGER.info(""[cancelOrder][Cancel Order Success]"");","CancelServiceImpl.LOGGER.info(""Order-other service confirmed cancellation (cancelOrder)"");",Combined Evolution,区分普通订单取消成功与后续退款处理
ts-cancel-service/src/main/java/cancel/service/CancelServiceImpl.java,CancelServiceImpl,cancelOrder,123,info,true,"CancelServiceImpl.LOGGER.info(""[cancelOrder][Draw Back Money Success]"");","CancelServiceImpl.LOGGER.info(""[cancelOrder] Refund completed successfully"");",Combined Evolution,将 Draw Back Money 自然表述为退款完成
ts-cancel-service/src/main/java/cancel/service/CancelServiceImpl.java,CancelServiceImpl,cancelOrder,125,error,false,"CancelServiceImpl.LOGGER.error(""[cancelOrder][Draw Back Money Failed][loginId: {}, orderId: {}]"", loginId, orderId);","CancelServiceImpl.LOGGER.error(""[cancelOrder][Draw Back Money Failed][loginId: {}, orderId: {}]"", loginId, orderId);",Unmodified,Not selected
ts-cancel-service/src/main/java/cancel/service/CancelServiceImpl.java,CancelServiceImpl,cancelOrder,129,error,true,"CancelServiceImpl.LOGGER.error(""[cancelOrder][Cancel Order Failed][orderId: {}, Reason: {}]"", orderId, changeOrderResult.getMsg());","CancelServiceImpl.LOGGER.error(""Order {} could not be cancelled: {}"", orderId, changeOrderResult.getMsg());",Combined Evolution,按原序用订单及失败原因组成完整错误句
ts-cancel-service/src/main/java/cancel/service/CancelServiceImpl.java,CancelServiceImpl,cancelOrder,133,warn,false,"CancelServiceImpl.LOGGER.warn(""[cancelOrder][Cancel Order, Order Status Not Permitted][loginId: {}, orderId: {}]"", loginId, orderId);","CancelServiceImpl.LOGGER.warn(""[cancelOrder][Cancel Order, Order Status Not Permitted][loginId: {}, orderId: {}]"", loginId, orderId);",Unmodified,Not selected
ts-cancel-service/src/main/java/cancel/service/CancelServiceImpl.java,CancelServiceImpl,cancelOrder,137,warn,true,"CancelServiceImpl.LOGGER.warn(""[cancelOrder][Cancel Order, Order Not Found][loginId: {}, orderId: {}]"", loginId, orderId);","CancelServiceImpl.LOGGER.warn(""[cancelOrder][No order found to cancel][loginId={}, orderId={}]"", loginId, orderId);",Combined Evolution,保留查无订单和登录标识，紧凑呈现两字段
ts-cancel-service/src/main/java/cancel/service/CancelServiceImpl.java,CancelServiceImpl,sendEmail,144,info,false,"CancelServiceImpl.LOGGER.info(""[sendEmail][Send Email]"");","CancelServiceImpl.LOGGER.info(""[sendEmail][Send Email]"");",Unmodified,Not selected
ts-cancel-service/src/main/java/cancel/service/CancelServiceImpl.java,CancelServiceImpl,calculateRefund,165,info,false,"CancelServiceImpl.LOGGER.info(""[calculateRefund][Cancel Order, Refund Price From Order Service.Not Paid][orderId: {}]"", orderId);","CancelServiceImpl.LOGGER.info(""[calculateRefund][Cancel Order, Refund Price From Order Service.Not Paid][orderId: {}]"", orderId);",Unmodified,Not selected
ts-cancel-service/src/main/java/cancel/service/CancelServiceImpl.java,CancelServiceImpl,calculateRefund,168,info,false,"CancelServiceImpl.LOGGER.info(""[calculateRefund][Cancel Order, Refund Price From Order Service.Paid][orderId: {}]"", orderId);","CancelServiceImpl.LOGGER.info(""[calculateRefund][Cancel Order, Refund Price From Order Service.Paid][orderId: {}]"", orderId);",Unmodified,Not selected
ts-cancel-service/src/main/java/cancel/service/CancelServiceImpl.java,CancelServiceImpl,calculateRefund,172,info,false,"CancelServiceImpl.LOGGER.info(""[calculateRefund][Cancel Order Refund Price Order.Cancel Not Permitted][orderId: {}]"", orderId);","CancelServiceImpl.LOGGER.info(""[calculateRefund][Cancel Order Refund Price Order.Cancel Not Permitted][orderId: {}]"", orderId);",Unmodified,Not selected
ts-cancel-service/src/main/java/cancel/service/CancelServiceImpl.java,CancelServiceImpl,calculateRefund,183,info,false,"CancelServiceImpl.LOGGER.info(""[calculateRefund][Cancel Order, Refund Price From Order Other Service.Not Paid][orderId: {}]"", orderId);","CancelServiceImpl.LOGGER.info(""[calculateRefund][Cancel Order, Refund Price From Order Other Service.Not Paid][orderId: {}]"", orderId);",Unmodified,Not selected
ts-cancel-service/src/main/java/cancel/service/CancelServiceImpl.java,CancelServiceImpl,calculateRefund,186,info,false,"CancelServiceImpl.LOGGER.info(""[Cancel Order][Refund Price From Order Other Service.Paid][orderId: {}]"", orderId);","CancelServiceImpl.LOGGER.info(""[Cancel Order][Refund Price From Order Other Service.Paid][orderId: {}]"", orderId);",Unmodified,Not selected
ts-cancel-service/src/main/java/cancel/service/CancelServiceImpl.java,CancelServiceImpl,calculateRefund,190,warn,true,"CancelServiceImpl.LOGGER.warn(""[Cancel Order][Refund Price, Order Other. Cancel Not Permitted][orderId: {}]"", orderId);","CancelServiceImpl.LOGGER.warn(""[calculateRefund] Order-other cancellation is not permitted; orderId={}"", orderId);",Combined Evolution,保留普通订单状态不允许取消的原因及 ID
ts-cancel-service/src/main/java/cancel/service/CancelServiceImpl.java,CancelServiceImpl,calculateRefund,194,error,true,"CancelServiceImpl.LOGGER.error(""[Cancel Order][Refund Price][Order not found][orderId: {}]"", orderId);","CancelServiceImpl.LOGGER.error(""Refund lookup failed for missing order {}"", orderId);",Combined Evolution,合并退款计算上下文和订单缺失原因
ts-cancel-service/src/main/java/cancel/service/CancelServiceImpl.java,CancelServiceImpl,calculateRefund,204,info,true,"CancelServiceImpl.LOGGER.info(""[calculateRefund][Cancel Order][Order Travel Date: {}]"", order.getTravelDate().toString());","CancelServiceImpl.LOGGER.info(""[calculateRefund][Travel date used for refund calculation: {}]"", order.getTravelDate().toString());",Combined Evolution,将旅行日期及其计算用途并入单个说明标签
ts-cancel-service/src/main/java/cancel/service/CancelServiceImpl.java,CancelServiceImpl,calculateRefund,222,info,false,"CancelServiceImpl.LOGGER.info(""[calculateRefund][Cancel Order][nowDate  : {}]"", nowDate);","CancelServiceImpl.LOGGER.info(""[calculateRefund][Cancel Order][nowDate  : {}]"", nowDate);",Unmodified,Not selected
ts-cancel-service/src/main/java/cancel/service/CancelServiceImpl.java,CancelServiceImpl,calculateRefund,223,info,true,"CancelServiceImpl.LOGGER.info(""[calculateRefund][Cancel Order][startTime: {}]"", startTime);","CancelServiceImpl.LOGGER.info(""Departure time for refund eligibility: {}"", startTime);",Combined Evolution,依据 startTime 与当前时间比较说明参数用于退款资格判断
ts-cancel-service/src/main/java/cancel/service/CancelServiceImpl.java,CancelServiceImpl,calculateRefund,225,warn,true,"CancelServiceImpl.LOGGER.warn(""[calculateRefund][Cancel Order, Ticket expire refund 0]"");","CancelServiceImpl.LOGGER.warn(""[calculateRefund] Departure time has passed; refund is zero"");",Combined Evolution,根据过期分支明确零退款原因，未修改计算逻辑
ts-cancel-service/src/main/java/cancel/service/CancelServiceImpl.java,CancelServiceImpl,calculateRefund,232,info,true,"CancelServiceImpl.LOGGER.info(""[calculateRefund][calculate refund][refund: {}]"", str);","CancelServiceImpl.LOGGER.info(""Calculated refund amount: {}"", str);",Combined Evolution,去除计算标签重复，将金额直接接入结果句
ts-cancel-service/src/main/java/cancel/service/CancelServiceImpl.java,CancelServiceImpl,cancelFromOrder,239,info,true,"CancelServiceImpl.LOGGER.info(""[cancelFromOrder][Change Order Status]"");","CancelServiceImpl.LOGGER.info(""[cancelFromOrder] Changing order status to CANCEL"");",Combined Evolution,依据紧随其后的状态赋值澄清目标状态，仍使用进行时
ts-cancel-service/src/main/java/cancel/service/CancelServiceImpl.java,CancelServiceImpl,cancelFromOtherOrder,264,info,false,"CancelServiceImpl.LOGGER.info(""[cancelFromOtherOrder][Change Order Status]"");","CancelServiceImpl.LOGGER.info(""[cancelFromOtherOrder][Change Order Status]"");",Unmodified,Not selected
ts-cancel-service/src/main/java/cancel/service/CancelServiceImpl.java,CancelServiceImpl,drawbackMoney,279,info,false,"CancelServiceImpl.LOGGER.info(""[drawbackMoney][Draw Back Money]"");","CancelServiceImpl.LOGGER.info(""[drawbackMoney][Draw Back Money]"");",Unmodified,Not selected
ts-cancel-service/src/main/java/cancel/service/CancelServiceImpl.java,CancelServiceImpl,getAccount,295,info,true,"CancelServiceImpl.LOGGER.info(""[getAccount][Get By Id][orderId: {}]"", orderId);","CancelServiceImpl.LOGGER.info(""Requesting account details using orderId={}"", orderId);",Combined Evolution,结合用户服务调用改为自然查询句，保留原变量标签避免猜测
ts-cancel-service/src/main/java/cancel/service/CancelServiceImpl.java,CancelServiceImpl,getOrderByIdFromOrder,309,info,true,"CancelServiceImpl.LOGGER.info(""[getOrderByIdFromOrder][Get Order][orderId: {}]"", orderId);","CancelServiceImpl.LOGGER.info(""Fetching order {} from ts-order-service"", orderId);",Combined Evolution,依据下游 URL 明确订单读取来源，保留 ID
ts-cancel-service/src/main/java/cancel/service/CancelServiceImpl.java,CancelServiceImpl,getOrderByIdFromOrderOther,323,info,true,"CancelServiceImpl.LOGGER.info(""[getOrderByIdFromOrderOther][Get Order][orderId: {}]"", orderId);","CancelServiceImpl.LOGGER.info(""[getOrderByIdFromOrderOther] Order lookup via ts-order-other-service; orderId={}"", orderId);",Combined Evolution,说明普通订单读取来源及订单标识
ts-common/src/main/java/edu/fudan/common/config/SwaggerConfig.java,SwaggerConfig,createRestApi,28,info,false,"SwaggerConfig.LOGGER.info(""[createRestApi][create][controllerPackagePath: {}]"", controllerPackagePath);","SwaggerConfig.LOGGER.info(""[createRestApi][create][controllerPackagePath: {}]"", controllerPackagePath);",Unmodified,Not selected
ts-common/src/main/java/edu/fudan/common/security/jwt/JWTUtil.java,JWTUtil,validateToken,102,error,false,"LOGGER.error(""[validateToken][getClaims][Token expired][ExpiredJwtException: {} ]"" , e);","LOGGER.error(""[validateToken][getClaims][Token expired][ExpiredJwtException: {} ]"" , e);",Unmodified,Existing Throwable overload has unmatched placeholder; preserve exception contract
ts-common/src/main/java/edu/fudan/common/security/jwt/JWTUtil.java,JWTUtil,validateToken,105,error,false,"LOGGER.error(""[validateToken][getClaims][Token format error][UnsupportedJwtException: {}]"", e);","LOGGER.error(""[validateToken][getClaims][Token format error][UnsupportedJwtException: {}]"", e);",Unmodified,Existing Throwable overload has unmatched placeholder; preserve exception contract
ts-common/src/main/java/edu/fudan/common/security/jwt/JWTUtil.java,JWTUtil,validateToken,108,error,false,"LOGGER.error(""[validateToken][getClaims][Token is not properly constructed][MalformedJwtException: {}]"", e);","LOGGER.error(""[validateToken][getClaims][Token is not properly constructed][MalformedJwtException: {}]"", e);",Unmodified,Existing Throwable overload has unmatched placeholder; preserve exception contract
ts-common/src/main/java/edu/fudan/common/security/jwt/JWTUtil.java,JWTUtil,validateToken,111,error,false,"LOGGER.error(""[validateToken][getClaims][Signature failure][SignatureException: {}]"", e);","LOGGER.error(""[validateToken][getClaims][Signature failure][SignatureException: {}]"", e);",Unmodified,Existing Throwable overload has unmatched placeholder; preserve exception contract
ts-common/src/main/java/edu/fudan/common/security/jwt/JWTUtil.java,JWTUtil,validateToken,114,error,false,"LOGGER.error(""[validateToken][getClaims][Illegal parameter exception][IllegalArgumentException: {}]"", e);","LOGGER.error(""[validateToken][getClaims][Illegal parameter exception][IllegalArgumentException: {}]"", e);",Unmodified,Existing Throwable overload has unmatched placeholder; preserve exception contract
ts-common/src/main/java/edu/fudan/common/util/JsonUtils.java,JsonUtils,object2Json,32,error,true,"JsonUtils.LOGGER.error(""[object2Json][writeValueAsString][IOException: {}]"", e.getMessage());","JsonUtils.LOGGER.error(""[object2Json] JSON serialization failed in writeValueAsString: {}"", e.getMessage());",Combined Evolution,根据 IOException 捕获位置明确 JSON 序列化错误，保留异常消息
ts-common/src/main/java/edu/fudan/common/util/JsonUtils.java,JsonUtils,json2Object,64,error,true,"JsonUtils.LOGGER.error(""[json2Object][objectMapper.readValue][NullPointerException: {}]"",e.getMessage());","JsonUtils.LOGGER.error(""JSON read failed with NullPointerException: {} (json2Object)"",e.getMessage());",Combined Evolution,保留空指针类型和原异常消息，方法上下文后置
ts-common/src/main/java/edu/fudan/common/util/JsonUtils.java,JsonUtils,json2Object,66,error,false,"JsonUtils.LOGGER.error(""[json2Object][objectMapper.readValue][IOException: {}]"",e.getMessage());","JsonUtils.LOGGER.error(""[json2Object][objectMapper.readValue][IOException: {}]"",e.getMessage());",Unmodified,Not selected
ts-consign-price-service/src/main/java/consignprice/ConsignPriceApplication.java,ConsignPriceApplication,main,33,info,false,"ConsignPriceApplication.LOGGER.info(""[ConsignPriceApplication.main][launch date: {}]"", new Date());","ConsignPriceApplication.LOGGER.info(""[ConsignPriceApplication.main][launch date: {}]"", new Date());",Unmodified,Not selected
ts-consign-price-service/src/main/java/consignprice/init/InitData.java,InitData,run,25,info,false,"InitData.LOGGER.info(""[InitData.run][Consign price service][Init data operation]"");","InitData.LOGGER.info(""[InitData.run][Consign price service][Init data operation]"");",Unmodified,Not selected
ts-consign-price-service/src/main/java/consignprice/service/ConsignPriceServiceImpl.java,ConsignPriceServiceImpl,createAndModifyPrice,61,info,true,"ConsignPriceServiceImpl.LOGGER.info(""[createAndModifyPrice][Create New Price Config]"");","ConsignPriceServiceImpl.LOGGER.info(""Preparing the consign price configuration for create or update"");",Combined Evolution,改为无标签动作句，保持可创建或更新的中性含义
ts-consign-service/src/main/java/consign/service/ConsignServiceImpl.java,ConsignServiceImpl,insertConsignRecord,48,info,false,"ConsignServiceImpl.LOGGER.info(""[insertConsignRecord][Insert Start][consignRequest.getOrderId: {}]"", consignRequest.getOrderId());","ConsignServiceImpl.LOGGER.info(""[insertConsignRecord][Insert Start][consignRequest.getOrderId: {}]"", consignRequest.getOrderId());",Unmodified,Not selected
ts-consign-service/src/main/java/consign/service/ConsignServiceImpl.java,ConsignServiceImpl,insertConsignRecord,55,info,true,"ConsignServiceImpl.LOGGER.info(""[insertConsignRecord][Insert Info][handle date: {}, target date: {}]"", consignRequest.getHandleDate(), consignRequest.getTargetDate());","ConsignServiceImpl.LOGGER.info(""[insertConsignRecord] Consign dates [handleDate={}, targetDate={}]"", consignRequest.getHandleDate(), consignRequest.getTargetDate());",Combined Evolution,明确办理日期与目标日期字段，不改变两者对应关系
ts-consign-service/src/main/java/consign/service/ConsignServiceImpl.java,ConsignServiceImpl,insertConsignRecord,75,info,true,"LOGGER.info(""[insertConsignRecord][SAVE consign info][consignRecord : {}]"", consignRecord.toString());","LOGGER.info(""Saving consign record: {}"", consignRecord.toString());",Combined Evolution,依据 repository.save 前的位置描述即将保存的托运记录
ts-consign-service/src/main/java/consign/service/ConsignServiceImpl.java,ConsignServiceImpl,insertConsignRecord,77,info,false,"LOGGER.info(""[insertConsignRecord][SAVE consign result][result: {}]"", result.toString());","LOGGER.info(""[insertConsignRecord][SAVE consign result][result: {}]"", result.toString());",Unmodified,Not selected
ts-consign-service/src/main/java/consign/service/ConsignServiceImpl.java,ConsignServiceImpl,updateConsignRecord,83,info,false,"ConsignServiceImpl.LOGGER.info(""[updateConsignRecord][Update Start]"");","ConsignServiceImpl.LOGGER.info(""[updateConsignRecord][Update Start]"");",Unmodified,Not selected
ts-consign-service/src/main/java/consign/service/ConsignServiceImpl.java,ConsignServiceImpl,queryByAccountId,124,warn,false,"LOGGER.warn(""[queryByAccountId][No Content according to accountId][accountId: {}]"", accountId);","LOGGER.warn(""[queryByAccountId][No Content according to accountId][accountId: {}]"", accountId);",Unmodified,Not selected
ts-consign-service/src/main/java/consign/service/ConsignServiceImpl.java,ConsignServiceImpl,queryByOrderId,135,warn,false,"LOGGER.warn(""[queryByOrderId][No Content according to orderId][orderId: {}]"", orderId);","LOGGER.warn(""[queryByOrderId][No Content according to orderId][orderId: {}]"", orderId);",Unmodified,Not selected
ts-consign-service/src/main/java/consign/service/ConsignServiceImpl.java,ConsignServiceImpl,queryByConsignee,146,warn,true,"LOGGER.warn(""[queryByConsignee][No Content according to consignee][consignee: {}]"", consignee);","LOGGER.warn(""No consign records match consignee '{}' (queryByConsignee)"", consignee);",Combined Evolution,保留收货人查询无结果，将收货人嵌入句子
ts-contacts-service/src/main/java/contacts/controller/ContactsController.java,ContactsController,getAllContacts,37,info,true,"ContactsController.LOGGER.info(""[getAllContacts][Get All Contacts]"");","ContactsController.LOGGER.info(""[getAllContacts][Request for the full contact list]"");",Wording Change,整句重写 Controller 查询全部联系人的请求
ts-contacts-service/src/main/java/contacts/controller/ContactsController.java,ContactsController,createNewContacts,45,info,true,"ContactsController.LOGGER.info(""[createNewContacts][VerifyLogin Success]"");","ContactsController.LOGGER.info(""[createNewContacts] Login verification passed"");",Combined Evolution,保留原登录校验通过语义，不断言联系人已经创建
ts-contacts-service/src/main/java/contacts/controller/ContactsController.java,ContactsController,createNewContactsAdmin,53,info,true,"ContactsController.LOGGER.info(""[createNewContactsAdmin][Create Contacts In Admin]"");","ContactsController.LOGGER.info(""Admin contact creation requested"");",Combined Evolution,将管理员新增联系人入口简化为请求句
ts-contacts-service/src/main/java/contacts/controller/ContactsController.java,ContactsController,modifyContacts,68,info,true,"ContactsController.LOGGER.info(""[Contacts modifyContacts][Modify Contacts] ContactsId: {}"", info.getId());","ContactsController.LOGGER.info(""Contact {}: update request received"", info.getId());",Combined Evolution,以联系人标识引出收到修改请求的事件
ts-contacts-service/src/main/java/contacts/controller/ContactsController.java,ContactsController,findContactsByAccountId,75,info,false,"ContactsController.LOGGER.info(""[findContactsByAccountId][Find Contacts By Account Id][accountId: {}]"", accountId);","ContactsController.LOGGER.info(""[findContactsByAccountId][Find Contacts By Account Id][accountId: {}]"", accountId);",Unmodified,Not selected
ts-contacts-service/src/main/java/contacts/controller/ContactsController.java,ContactsController,findContactsByAccountId,76,info,true,"ContactsController.LOGGER.info(""[ContactsService][VerifyLogin Success]"");","ContactsController.LOGGER.info(""[ContactsService][Login verification passed for contact lookup]"");",Combined Evolution,保留校验通过并结合所在方法补充联系人查询上下文
ts-contacts-service/src/main/java/contacts/controller/ContactsController.java,ContactsController,getContactsByContactsId,83,info,true,"ContactsController.LOGGER.info(""[ContactsService][Contacts Id Print][id: {}]"", id);","ContactsController.LOGGER.info(""[getContactsByContactsId] Contact lookup input: contactId={}"", id);",Combined Evolution,根据实际方法和 id 参数说明查询输入的联系人标识
ts-contacts-service/src/main/java/contacts/controller/ContactsController.java,ContactsController,getContactsByContactsId,84,info,false,"ContactsController.LOGGER.info(""[ContactsService][VerifyLogin Success]"");","ContactsController.LOGGER.info(""[ContactsService][VerifyLogin Success]"");",Unmodified,Not selected
ts-contacts-service/src/main/java/contacts/service/ContactsServiceImpl.java,ContactsServiceImpl,findContactsById,31,info,false,"LOGGER.info(""FIND CONTACTS BY ID: "" + id);","LOGGER.info(""FIND CONTACTS BY ID: "" + id);",Unmodified,Dynamic or concatenated message; retain expression and evaluation semantics
ts-contacts-service/src/main/java/contacts/service/ContactsServiceImpl.java,ContactsServiceImpl,findContactsById,36,error,false,"LOGGER.error(""[findContactsById][contactsRepository.findById][No contacts according to contactsId][contactsId: {}]"", id);","LOGGER.error(""[findContactsById][contactsRepository.findById][No contacts according to contactsId][contactsId: {}]"", id);",Unmodified,Not selected
ts-contacts-service/src/main/java/contacts/service/ContactsServiceImpl.java,ContactsServiceImpl,findContactsByAccountId,44,info,false,"ContactsServiceImpl.LOGGER.info(""[findContactsByAccountId][Query Contacts][Result Size: {}]"", arr.size());","ContactsServiceImpl.LOGGER.info(""[findContactsByAccountId][Query Contacts][Result Size: {}]"", arr.size());",Unmodified,Not selected
ts-contacts-service/src/main/java/contacts/service/ContactsServiceImpl.java,ContactsServiceImpl,createContacts,52,warn,true,"ContactsServiceImpl.LOGGER.warn(""[createContacts][Init Contacts, Already Exists][Id: {}]"", contacts.getId());","ContactsServiceImpl.LOGGER.warn(""[createContacts][Contact already exists; initialization skipped][contactId: {}]"", contacts.getId());",Combined Evolution,保留重复联系人阻止初始化的含义并规范标识标签
ts-contacts-service/src/main/java/contacts/service/ContactsServiceImpl.java,ContactsServiceImpl,create,66,warn,false,"ContactsServiceImpl.LOGGER.warn(""[Contacts-Add&Delete-Service.create][AddContacts][Fail.Contacts already exists][contactId: {}]"", addContacts.getId());","ContactsServiceImpl.LOGGER.warn(""[Contacts-Add&Delete-Service.create][AddContacts][Fail.Contacts already exists][contactId: {}]"", addContacts.getId());",Unmodified,Not selected
ts-contacts-service/src/main/java/contacts/service/ContactsServiceImpl.java,ContactsServiceImpl,create,70,info,false,"ContactsServiceImpl.LOGGER.info(""[Contacts-Add&Delete-Service.create][AddContacts Success]"");","ContactsServiceImpl.LOGGER.info(""[Contacts-Add&Delete-Service.create][AddContacts Success]"");",Unmodified,Not selected
ts-contacts-service/src/main/java/contacts/service/ContactsServiceImpl.java,ContactsServiceImpl,delete,80,info,true,"ContactsServiceImpl.LOGGER.info(""[Contacts-Add&Delete-Service][DeleteContacts Success]"");","ContactsServiceImpl.LOGGER.info(""Contact deletion completed successfully"");",Combined Evolution,将删除完成事件写为简洁句子
ts-contacts-service/src/main/java/contacts/service/ContactsServiceImpl.java,ContactsServiceImpl,delete,83,error,true,"ContactsServiceImpl.LOGGER.error(""[Contacts-Add&Delete-Service][DeleteContacts][Fail.Reason not clear][contactsId: {}]"", contactsId);","ContactsServiceImpl.LOGGER.error(""[delete] Contact {} still exists after deletion"", contactsId);",Combined Evolution,依据删除后仍能查到的分支澄清原模糊失败原因
ts-contacts-service/src/main/java/contacts/service/ContactsServiceImpl.java,ContactsServiceImpl,modify,92,info,false,LOGGER.info(oldContactResponse.toString());,LOGGER.info(oldContactResponse.toString());,Unmodified,Dynamic or concatenated message; retain expression and evaluation semantics
ts-contacts-service/src/main/java/contacts/service/ContactsServiceImpl.java,ContactsServiceImpl,modify,95,error,true,"ContactsServiceImpl.LOGGER.error(""[Contacts-Modify-Service.modify][ModifyContacts][Fail.Contacts not found][contactId: {}]"", contacts.getId());","ContactsServiceImpl.LOGGER.error(""[modify][Cannot update contact: record not found][contactId={}]"", contacts.getId());",Combined Evolution,合并修改失败和联系人缺失原因，保留键值字段
ts-contacts-service/src/main/java/contacts/service/ContactsServiceImpl.java,ContactsServiceImpl,modify,103,info,true,"ContactsServiceImpl.LOGGER.info(""[Contacts-Modify-Service.modify][ModifyContacts Success]"");","ContactsServiceImpl.LOGGER.info(""Contact changes saved (modify)"");",Combined Evolution,依据保存之后的位置表达修改成功并后置方法名
ts-contacts-service/src/main/java/contacts/service/ContactsServiceImpl.java,ContactsServiceImpl,getAllContacts,114,error,false,"LOGGER.error(""[getAllContacts][contactsRepository.findAll][Get all contacts error][message: {}]"", ""No content"");","LOGGER.error(""[getAllContacts][contactsRepository.findAll][Get all contacts error][message: {}]"", ""No content"");",Unmodified,Not selected
ts-execute-service/src/main/java/execute/controller/ExecuteControlller.java,ExecuteControlller,executeTicket,33,info,true,"ExecuteControlller.LOGGER.info(""[executeTicket][Execute][Id: {}]"", orderId);","ExecuteControlller.LOGGER.info(""[executeTicket][Ticket execution requested][orderId: {}]"", orderId);",Combined Evolution,明确请求时态并将模糊 Id 标签改为实际订单 ID
ts-execute-service/src/main/java/execute/controller/ExecuteControlller.java,ExecuteControlller,collectTicket,41,info,false,"ExecuteControlller.LOGGER.info(""[collectTicket][Collect][Id: {}]"", orderId);","ExecuteControlller.LOGGER.info(""[collectTicket][Collect][Id: {}]"", orderId);",Unmodified,Not selected
ts-execute-service/src/main/java/execute/serivce/ExecuteServiceImpl.java,ExecuteServiceImpl,ticketExecute,51,error,false,"LOGGER.error(""[ticketExecute][getOrderByIdFromOrder][ticket execute error: {}][orderId: {}]"", orderStatusWrong, orderId);","LOGGER.error(""[ticketExecute][getOrderByIdFromOrder][ticket execute error: {}][orderId: {}]"", orderStatusWrong, orderId);",Unmodified,Not selected
ts-execute-service/src/main/java/execute/serivce/ExecuteServiceImpl.java,ExecuteServiceImpl,ticketExecute,60,error,true,"LOGGER.error(""[ticketExecute][executeOrder][executeOrder error: {}][orderId: {}]"", resultExecute.getMsg(), orderId);","LOGGER.error(""[ticketExecute] Order service execution failed: {}; orderId={}"", resultExecute.getMsg(), orderId);",Combined Evolution,将下游错误消息及订单标识按原序连接
ts-execute-service/src/main/java/execute/serivce/ExecuteServiceImpl.java,ExecuteServiceImpl,ticketExecute,69,error,true,"LOGGER.error(""[ticketExecute][getOrderByIdFromOrderOther][ticket execute error: {}][orderId: {}]"", orderStatusWrong, orderId);","LOGGER.error(""Ticket execution blocked: {} (orderId={}; source=order-other)"", orderStatusWrong, orderId);",Combined Evolution,保留订单状态拒绝消息及普通订单来源
ts-execute-service/src/main/java/execute/serivce/ExecuteServiceImpl.java,ExecuteServiceImpl,ticketExecute,78,error,false,"LOGGER.error(""[ticketExecute][executeOrderOther][executeOrderOther error: {}][orderId: {}]"", resultExecute.getMsg(), orderId);","LOGGER.error(""[ticketExecute][executeOrderOther][executeOrderOther error: {}][orderId: {}]"", resultExecute.getMsg(), orderId);",Unmodified,Not selected
ts-execute-service/src/main/java/execute/serivce/ExecuteServiceImpl.java,ExecuteServiceImpl,ticketExecute,82,error,true,"LOGGER.error(""[ticketExecute][getOrderByIdFromOrderOther][ticker execute error: {}][orderId: {}]"", ""Order Not Found"", orderId);","LOGGER.error(""[ticketExecute][Order-other lookup failed: {}][orderId={}]"", ""Order Not Found"", orderId);",Combined Evolution,保留未找到订单的参数并修正 ticker 拼写
ts-execute-service/src/main/java/execute/serivce/ExecuteServiceImpl.java,ExecuteServiceImpl,ticketCollect,99,error,false,"LOGGER.error(""[ticketCollect][getOrderByIdFromOrder][ticket collect error: {}][orderId: {}]"", orderStatusWrong, orderId);","LOGGER.error(""[ticketCollect][getOrderByIdFromOrder][ticket collect error: {}][orderId: {}]"", orderStatusWrong, orderId);",Unmodified,Not selected
ts-execute-service/src/main/java/execute/serivce/ExecuteServiceImpl.java,ExecuteServiceImpl,ticketCollect,108,error,false,"LOGGER.error(""[ticketCollect][executeOrder][ticket collect error: {}][orderId: {}]"", resultExecute.getMsg(), orderId);","LOGGER.error(""[ticketCollect][executeOrder][ticket collect error: {}][orderId: {}]"", resultExecute.getMsg(), orderId);",Unmodified,Not selected
ts-execute-service/src/main/java/execute/serivce/ExecuteServiceImpl.java,ExecuteServiceImpl,ticketCollect,117,error,true,"LOGGER.error(""[ticketCollect][getOrderByIdFromOrderOther][ticket collect error: {}][orderId: {}]"", orderStatusWrong, orderId);","LOGGER.error(""[ticketCollect] Ineligible order status: {} [orderId={}]"", orderStatusWrong, orderId);",Combined Evolution,明确状态不允许领票的原因，订单标识仍是第二参数
ts-execute-service/src/main/java/execute/serivce/ExecuteServiceImpl.java,ExecuteServiceImpl,ticketCollect,125,error,false,"LOGGER.error(""[ticketCollect][executeOrderOther][ticket collect error: {}][orderId: {}]"", resultExecute.getMsg(), orderId);","LOGGER.error(""[ticketCollect][executeOrderOther][ticket collect error: {}][orderId: {}]"", resultExecute.getMsg(), orderId);",Unmodified,Not selected
ts-execute-service/src/main/java/execute/serivce/ExecuteServiceImpl.java,ExecuteServiceImpl,ticketCollect,129,error,true,"LOGGER.error(""[ticketCollect][getOrderByIdFromOrderOther][ticket collect error: {}][orderId: {}]"", ""Order Not Found"", orderId);","LOGGER.error(""Cannot collect ticket: {}; orderId={} (order-other lookup)"", ""Order Not Found"", orderId);",Combined Evolution,将查无订单原因和订单标识合并成自然失败句
ts-execute-service/src/main/java/execute/serivce/ExecuteServiceImpl.java,ExecuteServiceImpl,executeOrder,137,info,true,"ExecuteServiceImpl.LOGGER.info(""[Execute Service][Execute Order] Executing...."");","ExecuteServiceImpl.LOGGER.info(""[executeOrder][Sending order status update to ts-order-service]"");",Combined Evolution,根据后续 REST 调用明确正在更新订单状态
ts-execute-service/src/main/java/execute/serivce/ExecuteServiceImpl.java,ExecuteServiceImpl,executeOrderOther,151,info,true,"ExecuteServiceImpl.LOGGER.info(""[Execute Service][Execute Order] Executing...."");","ExecuteServiceImpl.LOGGER.info(""Updating order status through ts-order-other-service"");",Combined Evolution,说明普通订单状态更新请求，尚未声称调用完成
ts-execute-service/src/main/java/execute/serivce/ExecuteServiceImpl.java,ExecuteServiceImpl,getOrderByIdFromOrder,164,info,false,"ExecuteServiceImpl.LOGGER.info(""[Execute Service][Get Order] Getting...."");","ExecuteServiceImpl.LOGGER.info(""[Execute Service][Get Order] Getting...."");",Unmodified,Not selected
ts-execute-service/src/main/java/execute/serivce/ExecuteServiceImpl.java,ExecuteServiceImpl,getOrderByIdFromOrderOther,178,info,false,"ExecuteServiceImpl.LOGGER.info(""[getOrderByIdFromOrderOther][Execute Service, Get Order]"");","ExecuteServiceImpl.LOGGER.info(""[getOrderByIdFromOrderOther][Execute Service, Get Order]"");",Unmodified,Not selected
ts-food-delivery-service/src/main/java/food_delivery/controller/FoodDeliveryController.java,FoodDeliveryController,createFoodDeliveryOrder,36,info,false,"LOGGER.info(""[Food Delivery Service][Create Food Delivery Order]"");","LOGGER.info(""[Food Delivery Service][Create Food Delivery Order]"");",Unmodified,Not selected
ts-food-delivery-service/src/main/java/food_delivery/controller/FoodDeliveryController.java,FoodDeliveryController,deleteFoodDeliveryOrder,42,info,false,"LOGGER.info(""[Food Delivery Service][Delete Food Delivery Order]"");","LOGGER.info(""[Food Delivery Service][Delete Food Delivery Order]"");",Unmodified,Not selected
ts-food-delivery-service/src/main/java/food_delivery/controller/FoodDeliveryController.java,FoodDeliveryController,getFoodDeliveryOrderById,48,info,true,"LOGGER.info(""[Food Delivery Service][Get Food Delivery Order By Id]"");","LOGGER.info(""[getFoodDeliveryOrderById] Food delivery order lookup requested"");",Combined Evolution,依据 Controller 入口将查询写为请求到达
ts-food-delivery-service/src/main/java/food_delivery/controller/FoodDeliveryController.java,FoodDeliveryController,getAllFoodDeliveryOrders,54,info,false,"LOGGER.info(""[Food Delivery Service][Get All Food Delivery Orders]"");","LOGGER.info(""[Food Delivery Service][Get All Food Delivery Orders]"");",Unmodified,Not selected
ts-food-delivery-service/src/main/java/food_delivery/controller/FoodDeliveryController.java,FoodDeliveryController,getFoodDeliveryOrderByStoreId,60,info,false,"LOGGER.info(""[Food Delivery Service][Get Food Delivery Order By StoreId]"");","LOGGER.info(""[Food Delivery Service][Get Food Delivery Order By StoreId]"");",Unmodified,Not selected
ts-food-delivery-service/src/main/java/food_delivery/controller/FoodDeliveryController.java,FoodDeliveryController,updateTripId,66,info,false,"LOGGER.info(""[Food Delivery Service][Update Trip Id]"");","LOGGER.info(""[Food Delivery Service][Update Trip Id]"");",Unmodified,Not selected
ts-food-delivery-service/src/main/java/food_delivery/controller/FoodDeliveryController.java,FoodDeliveryController,updateSeatNo,72,info,false,"LOGGER.info(""[Food Delivery Service][Update Seat No]"");","LOGGER.info(""[Food Delivery Service][Update Seat No]"");",Unmodified,Not selected
ts-food-delivery-service/src/main/java/food_delivery/controller/FoodDeliveryController.java,FoodDeliveryController,updateDeliveryTime,78,info,false,"LOGGER.info(""[Food Delivery Service][Update Delivery Time]"");","LOGGER.info(""[Food Delivery Service][Update Delivery Time]"");",Unmodified,Not selected
ts-food-delivery-service/src/main/java/food_delivery/init/InitData.java,InitData,run,49,info,false,"InitData.LOGGER.info(""food_delivery_orders.txt has format error!"");","InitData.LOGGER.info(""food_delivery_orders.txt has format error!"");",Unmodified,Not selected
ts-food-delivery-service/src/main/java/food_delivery/init/InitData.java,InitData,run,50,error,false,InitData.LOGGER.error(e.getMessage());,InitData.LOGGER.error(e.getMessage());,Unmodified,Dynamic or concatenated message; retain expression and evaluation semantics
ts-food-delivery-service/src/main/java/food_delivery/service/FoodDeliveryServiceImpl.java,FoodDeliveryServiceImpl,createFoodDeliveryOrder,65,error,true,"LOGGER.error(""{}:{} have no such food: {}"", stationFoodStoreId, stationFoodStoreInfo.getStoreName(), food.getFoodName());","LOGGER.error(""Food store {} ({}) does not offer '{}'"", stationFoodStoreId, stationFoodStoreInfo.getStoreName(), food.getFoodName());",Combined Evolution,分别将门店 ID、店名、食品名嵌入句子，保留原序
ts-food-delivery-service/src/main/java/food_delivery/service/FoodDeliveryServiceImpl.java,FoodDeliveryServiceImpl,deleteFoodDeliveryOrder,80,error,true,"LOGGER.error(""[deleteFoodDeliveryOrder] No such food delivery order id: {}"", id);","LOGGER.error(""Delivery order {} cannot be deleted: record not found"", id);",Combined Evolution,把缺失记录明确为删除失败原因
ts-food-delivery-service/src/main/java/food_delivery/service/FoodDeliveryServiceImpl.java,FoodDeliveryServiceImpl,deleteFoodDeliveryOrder,84,info,true,"LOGGER.info(""[deleteFoodDeliveryOrder] Delete success, food delivery order id: {}"", id);","LOGGER.info(""[deleteFoodDeliveryOrder][Delivery order removed][id={}]"", id);",Combined Evolution,把已删除结果与 ID 分为清晰标签
ts-food-delivery-service/src/main/java/food_delivery/service/FoodDeliveryServiceImpl.java,FoodDeliveryServiceImpl,getFoodDeliveryOrderById,93,error,false,"LOGGER.error(""[deleteFoodDeliveryOrder] No such food delivery order id: {}"", id);","LOGGER.error(""[deleteFoodDeliveryOrder] No such food delivery order id: {}"", id);",Unmodified,Not selected
ts-food-delivery-service/src/main/java/food_delivery/service/FoodDeliveryServiceImpl.java,FoodDeliveryServiceImpl,getFoodDeliveryOrderById,96,info,false,"LOGGER.info(""[getFoodDeliveryOrderById] Get success, food delivery order id: {}"", id);","LOGGER.info(""[getFoodDeliveryOrderById] Get success, food delivery order id: {}"", id);",Unmodified,Not selected
ts-food-delivery-service/src/main/java/food_delivery/service/FoodDeliveryServiceImpl.java,FoodDeliveryServiceImpl,getAllFoodDeliveryOrders,105,error,true,"LOGGER.error(""[getAllFoodDeliveryOrders] Food delivery orders query error"");","LOGGER.error(""[getAllFoodDeliveryOrders][Unable to load delivery orders]"");",Combined Evolution,保留列表查询失败并改为标签式错误表达
ts-food-delivery-service/src/main/java/food_delivery/service/FoodDeliveryServiceImpl.java,FoodDeliveryServiceImpl,getAllFoodDeliveryOrders,108,info,false,"LOGGER.info(""[getAllFoodDeliveryOrders] Get all food delivery orders success"");","LOGGER.info(""[getAllFoodDeliveryOrders] Get all food delivery orders success"");",Unmodified,Not selected
ts-food-delivery-service/src/main/java/food_delivery/service/FoodDeliveryServiceImpl.java,FoodDeliveryServiceImpl,getFoodDeliveryOrderByStoreId,117,error,true,"LOGGER.error(""[getAllFoodDeliveryOrders] Food delivery orders query error"");","LOGGER.error(""[getFoodDeliveryOrderByStoreId] Store-specific delivery query failed"");",Combined Evolution,依据实际方法澄清按门店查询，修正复制的方法标签
ts-food-delivery-service/src/main/java/food_delivery/service/FoodDeliveryServiceImpl.java,FoodDeliveryServiceImpl,getFoodDeliveryOrderByStoreId,120,info,true,"LOGGER.info(""[getAllFoodDeliveryOrders] Get food delivery orders by storeId {} success"", storeId);","LOGGER.info(""Delivery orders loaded for store {}"", storeId);",Combined Evolution,保留门店订单查询成功，将门店 ID 嵌入结果句
ts-food-delivery-service/src/main/java/food_delivery/service/FoodDeliveryServiceImpl.java,FoodDeliveryServiceImpl,updateTripId,131,error,false,"LOGGER.error(""[updateTripId] No such delivery order id: {}"", id);","LOGGER.error(""[updateTripId] No such delivery order id: {}"", id);",Unmodified,Not selected
ts-food-delivery-service/src/main/java/food_delivery/service/FoodDeliveryServiceImpl.java,FoodDeliveryServiceImpl,updateTripId,136,info,false,"LOGGER.info(""[updateTripId] update tripId success. id:{}, tripId:{}"", id, tripId);","LOGGER.info(""[updateTripId] update tripId success. id:{}, tripId:{}"", id, tripId);",Unmodified,Not selected
ts-food-delivery-service/src/main/java/food_delivery/service/FoodDeliveryServiceImpl.java,FoodDeliveryServiceImpl,updateSeatNo,147,error,true,"LOGGER.error(""[updateSeatNo] No such delivery order id: {}"", id);","LOGGER.error(""[updateSeatNo] Seat change failed; deliveryOrderId={} not found"", id);",Combined Evolution,根据更新座位号分支明确失败动作和配送订单 ID
ts-food-delivery-service/src/main/java/food_delivery/service/FoodDeliveryServiceImpl.java,FoodDeliveryServiceImpl,updateSeatNo,152,info,false,"LOGGER.info(""[updateSeatNo] update seatNo success. id:{}, seatNo:{}"", id, seatNo);","LOGGER.info(""[updateSeatNo] update seatNo success. id:{}, seatNo:{}"", id, seatNo);",Unmodified,Not selected
ts-food-delivery-service/src/main/java/food_delivery/service/FoodDeliveryServiceImpl.java,FoodDeliveryServiceImpl,updateDeliveryTime,163,error,false,"LOGGER.error(""[updateDeliveryTime] No such delivery order id: {}"", id);","LOGGER.error(""[updateDeliveryTime] No such delivery order id: {}"", id);",Unmodified,Not selected
ts-food-delivery-service/src/main/java/food_delivery/service/FoodDeliveryServiceImpl.java,FoodDeliveryServiceImpl,updateDeliveryTime,168,info,false,"LOGGER.info(""[updateDeliveryTime] update deliveryTime success. id:{}, deliveryTime:{}"", id, deliveryTime);","LOGGER.info(""[updateDeliveryTime] update deliveryTime success. id:{}, deliveryTime:{}"", id, deliveryTime);",Unmodified,Not selected
ts-food-service/src/main/java/foodsearch/controller/FoodController.java,FoodController,findAllFoodOrder,52,info,false,"FoodController.LOGGER.info(""[Food Service]Try to Find all FoodOrder!"");","FoodController.LOGGER.info(""[Food Service]Try to Find all FoodOrder!"");",Unmodified,Not selected
ts-food-service/src/main/java/foodsearch/controller/FoodController.java,FoodController,createFoodOrder,58,info,true,"FoodController.LOGGER.info(""[createFoodOrder][Try to Create a FoodOrder!]"");","FoodController.LOGGER.info(""[createFoodOrder][Food-order creation request received]"");",Wording Change,自然描述餐食订单创建请求入口
ts-food-service/src/main/java/foodsearch/controller/FoodController.java,FoodController,createFoodBatches,64,info,false,"FoodController.LOGGER.info(""[createFoodBatches][Try to Create Food Batches!]"");","FoodController.LOGGER.info(""[createFoodBatches][Try to Create Food Batches!]"");",Unmodified,Not selected
ts-food-service/src/main/java/foodsearch/controller/FoodController.java,FoodController,updateFoodOrder,71,info,false,"FoodController.LOGGER.info(""[updateFoodOrder][Try to Update a FoodOrder!]"");","FoodController.LOGGER.info(""[updateFoodOrder][Try to Update a FoodOrder!]"");",Unmodified,Not selected
ts-food-service/src/main/java/foodsearch/controller/FoodController.java,FoodController,deleteFoodOrder,78,info,true,"FoodController.LOGGER.info(""[deleteFoodOrder][Try to Cancel a FoodOrder!]"");","FoodController.LOGGER.info(""Cancellation requested for a food order (deleteFoodOrder)"");",Combined Evolution,以请求时态说明取消餐食订单，后置方法名
ts-food-service/src/main/java/foodsearch/controller/FoodController.java,FoodController,findFoodOrderByOrderId,84,info,false,"FoodController.LOGGER.info(""[findFoodOrderByOrderId][Try to Find FoodOrder By orderId!][orderId: {}]"", orderId);","FoodController.LOGGER.info(""[findFoodOrderByOrderId][Try to Find FoodOrder By orderId!][orderId: {}]"", orderId);",Unmodified,Not selected
ts-food-service/src/main/java/foodsearch/controller/FoodController.java,FoodController,getAllFood,93,info,true,"FoodController.LOGGER.info(""[getAllFood][Get Food Request!]"");","FoodController.LOGGER.info(""[getAllFood] Food availability request received"");",Combined Evolution,说明 Controller 收到了餐食查询请求
ts-food-service/src/main/java/foodsearch/service/FoodServiceImpl.java,FoodServiceImpl,createFoodOrdersInBatch,65,error,true,"LOGGER.error(""[createFoodOrdersInBatch][AddFoodOrder][Order Id Has Existed][OrderId: {}]"", addFoodOrder.getOrderId());","LOGGER.error(""[createFoodOrdersInBatch][Duplicate food order blocks batch creation][orderId: {}]"", addFoodOrder.getOrderId());",Combined Evolution,合并重复订单与批量新增失败原因，保持关联订单 ID
ts-food-service/src/main/java/foodsearch/service/FoodServiceImpl.java,FoodServiceImpl,createFoodOrdersInBatch,88,info,true,"LOGGER.info(""[createFoodOrdersInBatch][AddFoodOrderBatch][Success Save One Order][FoodOrderId: {}]"", fo.getOrderId());","LOGGER.info(""Saved a batch food-order entry for order {}"", fo.getOrderId());",Combined Evolution,依据 getOrderId 澄清参数是关联订单 ID，保留单条保存成功
ts-food-service/src/main/java/foodsearch/service/FoodServiceImpl.java,FoodServiceImpl,createFoodOrdersInBatch,102,info,true,"LOGGER.info(""[createFoodOrdersInBatch][AddFoodOrder][delivery info send to mq][delivery info: {}]"", deliveryJson);","LOGGER.info(""[createFoodOrdersInBatch] Publishing delivery information: {}"", deliveryJson);",Combined Evolution,sender.send 之前使用进行时并保留消息内容
ts-food-service/src/main/java/foodsearch/service/FoodServiceImpl.java,FoodServiceImpl,createFoodOrdersInBatch,106,error,true,"LOGGER.error(""[createFoodOrdersInBatch][AddFoodOrder][send delivery info to mq error][exception: {}]"", e.toString());","LOGGER.error(""Delivery publication failed during batch creation: {}"", e.toString());",Combined Evolution,明确批量餐食创建中的消息队列发送失败，保留异常字符串
ts-food-service/src/main/java/foodsearch/service/FoodServiceImpl.java,FoodServiceImpl,createFoodOrder,118,error,true,"FoodServiceImpl.LOGGER.error(""[createFoodOrder][AddFoodOrder][Order Id Has Existed][OrderId: {}]"", addFoodOrder.getOrderId());","FoodServiceImpl.LOGGER.error(""Order {} already has a food order; creation rejected"", addFoodOrder.getOrderId());",Combined Evolution,以订单 ID 开头明确重复餐食订单导致创建失败
ts-food-service/src/main/java/foodsearch/service/FoodServiceImpl.java,FoodServiceImpl,createFoodOrder,132,info,true,"FoodServiceImpl.LOGGER.info(""[createFoodOrder][AddFoodOrder Success]"");","FoodServiceImpl.LOGGER.info(""[createFoodOrder][Food order saved successfully]"");",Wording Change,保留 repository.save 后创建成功的语义
ts-food-service/src/main/java/foodsearch/service/FoodServiceImpl.java,FoodServiceImpl,createFoodOrder,141,info,false,"LOGGER.info(""[createFoodOrder][AddFoodOrder, delivery info send to mq][delivery info: {}]"", deliveryJson);","LOGGER.info(""[createFoodOrder][AddFoodOrder, delivery info send to mq][delivery info: {}]"", deliveryJson);",Unmodified,Not selected
ts-food-service/src/main/java/foodsearch/service/FoodServiceImpl.java,FoodServiceImpl,createFoodOrder,145,error,false,"LOGGER.error(""[createFoodOrder][AddFoodOrder][send delivery info to mq error][exception: {}]"", e.toString());","LOGGER.error(""[createFoodOrder][AddFoodOrder][send delivery info to mq error][exception: {}]"", e.toString());",Unmodified,Not selected
ts-food-service/src/main/java/foodsearch/service/FoodServiceImpl.java,FoodServiceImpl,deleteFoodOrder,157,error,false,"FoodServiceImpl.LOGGER.error(""[deleteFoodOrder][Cancel FoodOrder][Order Id Is Non-Existent][orderId: {}]"", orderId);","FoodServiceImpl.LOGGER.error(""[deleteFoodOrder][Cancel FoodOrder][Order Id Is Non-Existent][orderId: {}]"", orderId);",Unmodified,Not selected
ts-food-service/src/main/java/foodsearch/service/FoodServiceImpl.java,FoodServiceImpl,deleteFoodOrder,162,info,true,"FoodServiceImpl.LOGGER.info(""[deleteFoodOrder][Cancel FoodOrder Success]"");","FoodServiceImpl.LOGGER.info(""[deleteFoodOrder] Food order cancellation completed"");",Combined Evolution,把取消成功写为完整句并精简标签
ts-food-service/src/main/java/foodsearch/service/FoodServiceImpl.java,FoodServiceImpl,findAllFoodOrder,173,error,true,"FoodServiceImpl.LOGGER.error(""[findAllFoodOrder][Find all food order error: {}]"", ""No Content"");","FoodServiceImpl.LOGGER.error(""[findAllFoodOrder][No food orders returned: {}]"", ""No Content"");",Combined Evolution,保留 No Content 参数并明确空列表结果
ts-food-service/src/main/java/foodsearch/service/FoodServiceImpl.java,FoodServiceImpl,updateFoodOrder,183,info,false,"FoodServiceImpl.LOGGER.info(""[updateFoodOrder][Update FoodOrder][Order Id Is Non-Existent][orderId: {}]"", updateFoodOrder.getOrderId());","FoodServiceImpl.LOGGER.info(""[updateFoodOrder][Update FoodOrder][Order Id Is Non-Existent][orderId: {}]"", updateFoodOrder.getOrderId());",Unmodified,Not selected
ts-food-service/src/main/java/foodsearch/service/FoodServiceImpl.java,FoodServiceImpl,updateFoodOrder,194,info,false,"FoodServiceImpl.LOGGER.info(""[updateFoodOrder][Update FoodOrder Success]"");","FoodServiceImpl.LOGGER.info(""[updateFoodOrder][Update FoodOrder Success]"");",Unmodified,Not selected
ts-food-service/src/main/java/foodsearch/service/FoodServiceImpl.java,FoodServiceImpl,findByOrderId,203,info,false,"FoodServiceImpl.LOGGER.info(""[findByOrderId][Find Order by id Success][orderId: {}]"", orderId);","FoodServiceImpl.LOGGER.info(""[findByOrderId][Find Order by id Success][orderId: {}]"", orderId);",Unmodified,Not selected
ts-food-service/src/main/java/foodsearch/service/FoodServiceImpl.java,FoodServiceImpl,findByOrderId,206,warn,false,"FoodServiceImpl.LOGGER.warn(""[findByOrderId][Find Order by id][Order Id Is Non-Existent][orderId: {}]"", orderId);","FoodServiceImpl.LOGGER.warn(""[findByOrderId][Find Order by id][Order Id Is Non-Existent][orderId: {}]"", orderId);",Unmodified,Not selected
ts-food-service/src/main/java/foodsearch/service/FoodServiceImpl.java,FoodServiceImpl,getAllFood,214,info,true,"FoodServiceImpl.LOGGER.info(""[getAllFood][get All Food with info][data:{} start:{} end:{} tripid:{}]"", date, startStation, endStation, tripId);","FoodServiceImpl.LOGGER.info(""[getAllFood] Food search on {}: {} -> {}, tripId={}"", date, startStation, endStation, tripId);",Combined Evolution,纠正 data 为出行日期含义，保留日期起点终点车次的原序
ts-food-service/src/main/java/foodsearch/service/FoodServiceImpl.java,FoodServiceImpl,getAllFood,218,error,true,"FoodServiceImpl.LOGGER.error(""[getAllFood][Get the Get Food Request Failed][Trip id is not suitable][date: {}, tripId: {}]"", date, tripId);","FoodServiceImpl.LOGGER.error(""Food search rejected (date={}, tripId={}): invalid trip ID"", date, tripId);",Combined Evolution,将日期车次置于原因之前，保留输入校验失败含义
ts-food-service/src/main/java/foodsearch/service/FoodServiceImpl.java,FoodServiceImpl,getAllFood,242,info,false,"FoodServiceImpl.LOGGER.info(""[getAllFood][Get Train Food List!]"");","FoodServiceImpl.LOGGER.info(""[getAllFood][Get Train Food List!]"");",Unmodified,Not selected
ts-food-service/src/main/java/foodsearch/service/FoodServiceImpl.java,FoodServiceImpl,getAllFood,244,error,false,"FoodServiceImpl.LOGGER.error(""[getAllFood][reGetTrainFoodListResult][Get the Get Food Request Failed!][date: {}, tripId: {}]"", date, tripId);","FoodServiceImpl.LOGGER.error(""[getAllFood][reGetTrainFoodListResult][Get the Get Food Request Failed!][date: {}, tripId: {}]"", date, tripId);",Unmodified,Not selected
ts-food-service/src/main/java/foodsearch/service/FoodServiceImpl.java,FoodServiceImpl,getAllFood,301,error,false,"FoodServiceImpl.LOGGER.error(""[getAllFood][Get the Get Food Request Failed!][foodStoresListResult is null][date: {}, tripId: {}]"", date, tripId);","FoodServiceImpl.LOGGER.error(""[getAllFood][Get the Get Food Request Failed!][foodStoresListResult is null][date: {}, tripId: {}]"", date, tripId);",Unmodified,Not selected
ts-food-service/src/main/java/foodsearch/service/FoodServiceImpl.java,FoodServiceImpl,getAllFood,305,error,false,"FoodServiceImpl.LOGGER.error(""[getAllFood][Get the Get Food Request Failed!][station status error][date: {}, tripId: {}]"", date, tripId);","FoodServiceImpl.LOGGER.error(""[getAllFood][Get the Get Food Request Failed!][station status error][date: {}, tripId: {}]"", date, tripId);",Unmodified,Not selected
ts-inside-payment-service/src/main/java/inside_payment/async/AsyncTask.java,AsyncTask,sendAsyncCallToPaymentService,26,info,true,"AsyncTask.LOGGER.info(""[sendAsyncCallToPaymentService][Inside Payment Service, Async Task,Begin]"");","AsyncTask.LOGGER.info(""[sendAsyncCallToPaymentService][Starting the asynchronous payment call]"");",Wording Change,整句重写异步任务开始，不声称下游支付结果
ts-inside-payment-service/src/main/java/inside_payment/async/AsyncTask.java,AsyncTask,sendAsyncCallToPaymentService,28,info,true,"AsyncTask.LOGGER.info(""[sendAsyncCallToPaymentService][Inside Payment Service, Async Task][Receive call Value directly back: {}]"", value);","AsyncTask.LOGGER.info(""Asynchronous payment call returned: {}"", value);",Combined Evolution,精简服务与任务标签，记录已收到的布尔返回值
ts-inside-payment-service/src/main/java/inside_payment/controller/InsidePaymentController.java,InsidePaymentController,pay,33,info,true,"InsidePaymentController.LOGGER.info(""[pay][Inside Payment Service.Pay][Pay for: {}]"", info.getOrderId());","InsidePaymentController.LOGGER.info(""[pay][Internal payment request][orderId={}]"", info.getOrderId());",Combined Evolution,根据实际参数明确订单 ID 并保留 Controller 请求语义
ts-inside-payment-service/src/main/java/inside_payment/controller/InsidePaymentController.java,InsidePaymentController,createAccount,39,info,true,"LOGGER.info(""[createAccount][Create account][accountInfo: {}]"", info);","LOGGER.info(""[createAccount] Account creation requested with details: {}"", info);",Combined Evolution,将账户请求对象接入自然句，未更改其内容
ts-inside-payment-service/src/main/java/inside_payment/controller/InsidePaymentController.java,InsidePaymentController,addMoney,46,info,false,"LOGGER.info(""[addMoney][add money][userId: {}, money: {}]"", userId, money);","LOGGER.info(""[addMoney][add money][userId: {}, money: {}]"", userId, money);",Unmodified,Not selected
ts-inside-payment-service/src/main/java/inside_payment/controller/InsidePaymentController.java,InsidePaymentController,queryPayment,52,info,true,"LOGGER.info(""[queryPayment][query payment]"");","LOGGER.info(""Payment query requested (queryPayment)"");",Combined Evolution,将支付查询入口表达为请求，方法名后置
ts-inside-payment-service/src/main/java/inside_payment/controller/InsidePaymentController.java,InsidePaymentController,queryAccount,58,info,true,"LOGGER.info(""[queryAccount][query account]"");","LOGGER.info(""[queryAccount][Account query received]"");",Wording Change,保留短标签风格并明确账户查询请求
ts-inside-payment-service/src/main/java/inside_payment/controller/InsidePaymentController.java,InsidePaymentController,drawBack,64,info,false,"LOGGER.info(""[drawBack][draw back payment][userId: {}, money: {}]"", userId, money);","LOGGER.info(""[drawBack][draw back payment][userId: {}, money: {}]"", userId, money);",Unmodified,Not selected
ts-inside-payment-service/src/main/java/inside_payment/controller/InsidePaymentController.java,InsidePaymentController,payDifference,70,info,true,"LOGGER.info(""[payDifference][pay difference]"");","LOGGER.info(""[payDifference] Fare-difference payment requested"");",Combined Evolution,结合接口用途明确收到差价支付请求
ts-inside-payment-service/src/main/java/inside_payment/controller/InsidePaymentController.java,InsidePaymentController,queryAddMoney,76,info,false,"LOGGER.info(""[queryAddMoney][query add money]"");","LOGGER.info(""[queryAddMoney][query add money]"");",Unmodified,Not selected
ts-inside-payment-service/src/main/java/inside_payment/service/InsidePaymentServiceImpl.java,InsidePaymentServiceImpl,pay,71,warn,false,"InsidePaymentServiceImpl.LOGGER.warn(""[Inside Payment Service.pay][Order status Not allowed to Pay]"");","InsidePaymentServiceImpl.LOGGER.warn(""[Inside Payment Service.pay][Order status Not allowed to Pay]"");",Unmodified,Not selected
ts-inside-payment-service/src/main/java/inside_payment/service/InsidePaymentServiceImpl.java,InsidePaymentServiceImpl,pay,117,info,false,"InsidePaymentServiceImpl.LOGGER.info(""[Inside Payment Service.pay][outside Pay][Out pay result: {}]"", outsidePaySuccess.toString());","InsidePaymentServiceImpl.LOGGER.info(""[Inside Payment Service.pay][outside Pay][Out pay result: {}]"", outsidePaySuccess.toString());",Unmodified,Not selected
ts-inside-payment-service/src/main/java/inside_payment/service/InsidePaymentServiceImpl.java,InsidePaymentServiceImpl,pay,124,error,false,"LOGGER.error(""Payment failed: {}"", outsidePaySuccess.getMsg());","LOGGER.error(""Payment failed: {}"", outsidePaySuccess.getMsg());",Unmodified,Not selected
ts-inside-payment-service/src/main/java/inside_payment/service/InsidePaymentServiceImpl.java,InsidePaymentServiceImpl,pay,132,info,false,"LOGGER.info(""[Inside Payment Service.pay][Payment success][orderId: {}]"", info.getOrderId());","LOGGER.info(""[Inside Payment Service.pay][Payment success][orderId: {}]"", info.getOrderId());",Unmodified,Not selected
ts-inside-payment-service/src/main/java/inside_payment/service/InsidePaymentServiceImpl.java,InsidePaymentServiceImpl,pay,136,error,false,"LOGGER.error(""[Inside Payment Service.pay][Payment failed][Order not exists][orderId: {}]"", info.getOrderId());","LOGGER.error(""[Inside Payment Service.pay][Payment failed][Order not exists][orderId: {}]"", info.getOrderId());",Unmodified,Not selected
ts-inside-payment-service/src/main/java/inside_payment/service/InsidePaymentServiceImpl.java,InsidePaymentServiceImpl,createAccount,152,error,false,"LOGGER.error(""[createAccount][Create Account Failed][Account already Exists][userId: {}]"", info.getUserId());","LOGGER.error(""[createAccount][Create Account Failed][Account already Exists][userId: {}]"", info.getUserId());",Unmodified,Not selected
ts-inside-payment-service/src/main/java/inside_payment/service/InsidePaymentServiceImpl.java,InsidePaymentServiceImpl,addMoney,167,error,false,"LOGGER.error(""Add Money Failed, userId: {}"", userId);","LOGGER.error(""Add Money Failed, userId: {}"", userId);",Unmodified,Not selected
ts-inside-payment-service/src/main/java/inside_payment/service/InsidePaymentServiceImpl.java,InsidePaymentServiceImpl,queryPayment,239,error,false,"LOGGER.error(""[queryPayment][Query payment failed][payment is null]"");","LOGGER.error(""[queryPayment][Query payment failed][payment is null]"");",Unmodified,Not selected
ts-inside-payment-service/src/main/java/inside_payment/service/InsidePaymentServiceImpl.java,InsidePaymentServiceImpl,drawBack,254,error,false,"LOGGER.error(""[drawBack][Draw Back Money Failed][addMoneyRepository.findByUserId null][userId: {}]"", userId);","LOGGER.error(""[drawBack][Draw Back Money Failed][addMoneyRepository.findByUserId null][userId: {}]"", userId);",Unmodified,Not selected
ts-inside-payment-service/src/main/java/inside_payment/service/InsidePaymentServiceImpl.java,InsidePaymentServiceImpl,payDifference,309,error,false,"LOGGER.error(""[payDifference][Pay Difference Failed][outsidePaySuccess status not 1][orderId: {}]"", info.getOrderId());","LOGGER.error(""[payDifference][Pay Difference Failed][outsidePaySuccess status not 1][orderId: {}]"", info.getOrderId());",Unmodified,Not selected
ts-inside-payment-service/src/main/java/inside_payment/service/InsidePaymentServiceImpl.java,InsidePaymentServiceImpl,queryAddMoney,325,error,false,"LOGGER.error(""[queryAddMoney][Query money failed][addMoneyRepository.findAll null]"");","LOGGER.error(""[queryAddMoney][Query money failed][addMoneyRepository.findAll null]"");",Unmodified,Not selected
ts-inside-payment-service/src/main/java/inside_payment/service/InsidePaymentServiceImpl.java,InsidePaymentServiceImpl,initPayment,366,error,false,"InsidePaymentServiceImpl.LOGGER.error(""[initPayment][paymentTemp Already Exists][paymentId: {}, orderId: {}]"", payment.getId(), payment.getOrderId());","InsidePaymentServiceImpl.LOGGER.error(""[initPayment][paymentTemp Already Exists][paymentId: {}, orderId: {}]"", payment.getId(), payment.getOrderId());",Unmodified,Not selected
ts-notification-service/src/main/java/notification/service/NotificationServiceImpl.java,NotificationServiceImpl,preserveSuccess,58,error,true,"LOGGER.error(""[preserveSuccess][mailService.sendEmai][Exception: {}]"", e.getMessage());","LOGGER.error(""[preserveSuccess][Booking confirmation email failed][error: {}]"", e.getMessage());",Combined Evolution,依据预订成功邮件模板说明失败的是邮件发送
ts-notification-service/src/main/java/notification/service/NotificationServiceImpl.java,NotificationServiceImpl,orderCreateSuccess,85,error,true,"LOGGER.error(""[orderCreateSuccess][mailService.sendEmai][Exception: {}]"", e.getMessage());","LOGGER.error(""Could not send the order-creation email: {} (orderCreateSuccess)"", e.getMessage());",Combined Evolution,将订单创建邮件发送失败和异常消息自然连接
ts-notification-service/src/main/java/notification/service/NotificationServiceImpl.java,NotificationServiceImpl,orderChangedSuccess,112,error,false,"LOGGER.error(""[orderChangedSuccess][mailService.sendEmai][Exception: {}]"", e.getMessage());","LOGGER.error(""[orderChangedSuccess][mailService.sendEmai][Exception: {}]"", e.getMessage());",Unmodified,Not selected
ts-notification-service/src/main/java/notification/service/NotificationServiceImpl.java,NotificationServiceImpl,orderCancelSuccess,133,error,false,"LOGGER.error(""[orderCancelSuccess][mailService.sendEmai][Exception: {}]"", e.getMessage());","LOGGER.error(""[orderCancelSuccess][mailService.sendEmai][Exception: {}]"", e.getMessage());",Unmodified,Not selected
ts-order-other-service/src/main/java/other/controller/OrderOtherController.java,OrderOtherController,getTicketListByDateAndTripId,42,info,false,"OrderOtherController.LOGGER.info(""[getSoldTickets][Get Sold Ticket][Travel Date: {}]"", seatRequest.getTravelDate().toString());","OrderOtherController.LOGGER.info(""[getSoldTickets][Get Sold Ticket][Travel Date: {}]"", seatRequest.getTravelDate().toString());",Unmodified,Not selected
ts-order-other-service/src/main/java/other/controller/OrderOtherController.java,OrderOtherController,createNewOrder,49,info,true,"OrderOtherController.LOGGER.info(""[create][Create Order][from {} to {} at {}]"", createOrder.getFrom(), createOrder.getTo(), createOrder.getTravelDate());","OrderOtherController.LOGGER.info(""New order request: {} -> {} on {}"", createOrder.getFrom(), createOrder.getTo(), createOrder.getTravelDate());",Combined Evolution,保留出发地目的地日期顺序，表达创建请求而非完成
ts-order-other-service/src/main/java/other/controller/OrderOtherController.java,OrderOtherController,addcreateNewOrder,56,info,false,"OrderOtherController.LOGGER.info(""[addNewOrder][Add new order][OrderId: {}]"", order.getId());","OrderOtherController.LOGGER.info(""[addNewOrder][Add new order][OrderId: {}]"", order.getId());",Unmodified,Not selected
ts-order-other-service/src/main/java/other/controller/OrderOtherController.java,OrderOtherController,queryOrders,64,info,false,"OrderOtherController.LOGGER.info(""[queryOrders][Query Orders][for LoginId :{}]"", qi.getLoginId());","OrderOtherController.LOGGER.info(""[queryOrders][Query Orders][for LoginId :{}]"", qi.getLoginId());",Unmodified,Not selected
ts-order-other-service/src/main/java/other/controller/OrderOtherController.java,OrderOtherController,queryOrdersForRefresh,73,info,false,"OrderOtherController.LOGGER.info(""[queryOrdersForRefresh][Query Orders][for LoginId:{}]"", qi.getLoginId());","OrderOtherController.LOGGER.info(""[queryOrdersForRefresh][Query Orders][for LoginId:{}]"", qi.getLoginId());",Unmodified,Not selected
ts-order-other-service/src/main/java/other/controller/OrderOtherController.java,OrderOtherController,calculateSoldTicket,82,info,false,"OrderOtherController.LOGGER.info(""[queryAlreadySoldOrders][Calculate Sold Tickets][Date: {} TrainNumber: {}]"", travelDate, trainNumber);","OrderOtherController.LOGGER.info(""[queryAlreadySoldOrders][Calculate Sold Tickets][Date: {} TrainNumber: {}]"", travelDate, trainNumber);",Unmodified,Not selected
ts-order-other-service/src/main/java/other/controller/OrderOtherController.java,OrderOtherController,getOrderPrice,89,info,true,"OrderOtherController.LOGGER.info(""[getOrderPrice][Get Order Price][Order Id: {}]"", orderId);","OrderOtherController.LOGGER.info(""[getOrderPrice][Price lookup requested][orderId={}]"", orderId);",Combined Evolution,明确订单价格查询入口并规范字段标签
ts-order-other-service/src/main/java/other/controller/OrderOtherController.java,OrderOtherController,payOrder,96,info,true,"OrderOtherController.LOGGER.info(""[payOrder][Pay Order][Order Id: {}]"", orderId);","OrderOtherController.LOGGER.info(""Order {}: payment requested"", orderId);",Combined Evolution,将订单作为句子主题，保持支付请求时态
ts-order-other-service/src/main/java/other/controller/OrderOtherController.java,OrderOtherController,getOrderById,103,info,false,"OrderOtherController.LOGGER.info(""[getOrderById][Get Order By Id][Order Id: {}]"", orderId);","OrderOtherController.LOGGER.info(""[getOrderById][Get Order By Id][Order Id: {}]"", orderId);",Unmodified,Not selected
ts-order-other-service/src/main/java/other/controller/OrderOtherController.java,OrderOtherController,modifyOrder,110,info,false,"OrderOtherController.LOGGER.info(""[modifyOrder][Modify Order Status][Order Id: {}]"", orderId);","OrderOtherController.LOGGER.info(""[modifyOrder][Modify Order Status][Order Id: {}]"", orderId);",Unmodified,Not selected
ts-order-other-service/src/main/java/other/controller/OrderOtherController.java,OrderOtherController,securityInfoCheck,118,info,true,"OrderOtherController.LOGGER.info(""[checkSecurityAboutOrder][Security Info Get][CheckDate:{} , AccountId:{}]"",checkDate,accountId);","OrderOtherController.LOGGER.info(""[securityInfoCheck] Querying order security data [checkDate={}, accountId={}]"",checkDate,accountId);",Combined Evolution,使用实际方法名并澄清日期与账号校验查询
ts-order-other-service/src/main/java/other/controller/OrderOtherController.java,OrderOtherController,saveOrderInfo,127,info,false,"OrderOtherController.LOGGER.info(""[saveChanges][Save Order Info][OrderId:{}]"",orderInfo.getId());","OrderOtherController.LOGGER.info(""[saveChanges][Save Order Info][OrderId:{}]"",orderInfo.getId());",Unmodified,Not selected
ts-order-other-service/src/main/java/other/controller/OrderOtherController.java,OrderOtherController,updateOrder,134,info,false,"OrderOtherController.LOGGER.info(""[updateOrder][Update Order][OrderId: {}]"", order.getId());","OrderOtherController.LOGGER.info(""[updateOrder][Update Order][OrderId: {}]"", order.getId());",Unmodified,Not selected
ts-order-other-service/src/main/java/other/controller/OrderOtherController.java,OrderOtherController,deleteOrder,141,info,false,"OrderOtherController.LOGGER.info(""[deleteOrder][Delete Order][OrderId: {}]"", orderId);","OrderOtherController.LOGGER.info(""[deleteOrder][Delete Order][OrderId: {}]"", orderId);",Unmodified,Not selected
ts-order-other-service/src/main/java/other/controller/OrderOtherController.java,OrderOtherController,findAllOrder,150,info,true,"OrderOtherController.LOGGER.info(""[getAllOrders][Find All Order]"");","OrderOtherController.LOGGER.info(""[findAllOrder][Request to list orders]"");",Combined Evolution,根据 Controller 实际方法记录列表请求
ts-order-other-service/src/main/java/other/service/OrderOtherServiceImpl.java,OrderOtherServiceImpl,getSoldTickets,67,info,false,"OrderOtherServiceImpl.LOGGER.info(""[getSoldTickets][Left ticket info][info is: {}]"", leftTicketInfo.toString());","OrderOtherServiceImpl.LOGGER.info(""[getSoldTickets][Left ticket info][info is: {}]"", leftTicketInfo.toString());",Unmodified,Not selected
ts-order-other-service/src/main/java/other/service/OrderOtherServiceImpl.java,OrderOtherServiceImpl,getSoldTickets,72,warn,false,"OrderOtherServiceImpl.LOGGER.warn(""[getSoldTickets][Seat][No content][seat from date: {}, train number: {}"",seatRequest.getTravelDate(),seatRequest.getTrainNumber());","OrderOtherServiceImpl.LOGGER.warn(""[getSoldTickets][Seat][No content][seat from date: {}, train number: {}"",seatRequest.getTravelDate(),seatRequest.getTrainNumber());",Unmodified,Not selected
ts-order-other-service/src/main/java/other/service/OrderOtherServiceImpl.java,OrderOtherServiceImpl,findOrderById,81,warn,false,"OrderOtherServiceImpl.LOGGER.warn(""[findOrderById][Find Order By Id Fail][No content][id: {}]"",id);","OrderOtherServiceImpl.LOGGER.warn(""[findOrderById][Find Order By Id Fail][No content][id: {}]"",id);",Unmodified,Not selected
ts-order-other-service/src/main/java/other/service/OrderOtherServiceImpl.java,OrderOtherServiceImpl,findOrderById,85,info,false,"OrderOtherServiceImpl.LOGGER.info(""[findOrderById][Find Order By Id Success][id: {}]"",id);","OrderOtherServiceImpl.LOGGER.info(""[findOrderById][Find Order By Id Success][id: {}]"",id);",Unmodified,Not selected
ts-order-other-service/src/main/java/other/service/OrderOtherServiceImpl.java,OrderOtherServiceImpl,create,92,info,false,"OrderOtherServiceImpl.LOGGER.info(""[create][Create Order][Ready Create Order]"");","OrderOtherServiceImpl.LOGGER.info(""[create][Create Order][Ready Create Order]"");",Unmodified,Not selected
ts-order-other-service/src/main/java/other/service/OrderOtherServiceImpl.java,OrderOtherServiceImpl,create,95,error,false,"OrderOtherServiceImpl.LOGGER.error(""[create][Order Create Fail][Order already exists][OrderId: {}]"", order.getId());","OrderOtherServiceImpl.LOGGER.error(""[create][Order Create Fail][Order already exists][OrderId: {}]"", order.getId());",Unmodified,Not selected
ts-order-other-service/src/main/java/other/service/OrderOtherServiceImpl.java,OrderOtherServiceImpl,create,100,info,false,"OrderOtherServiceImpl.LOGGER.info(""[create][Order Create Success][OrderId:{},Price: {}]"",order.getId(),order.getPrice());","OrderOtherServiceImpl.LOGGER.info(""[create][Order Create Success][OrderId:{},Price: {}]"",order.getId(),order.getPrice());",Unmodified,Not selected
ts-order-other-service/src/main/java/other/service/OrderOtherServiceImpl.java,OrderOtherServiceImpl,initOrder,110,info,true,"OrderOtherServiceImpl.LOGGER.info(""[initOrder][Init Order Success][OrderId: {}]"", order.getId());","OrderOtherServiceImpl.LOGGER.info(""Initialized order {} successfully"", order.getId());",Combined Evolution,把初始化成功及订单标识自然组合
ts-order-other-service/src/main/java/other/service/OrderOtherServiceImpl.java,OrderOtherServiceImpl,initOrder,113,error,false,"OrderOtherServiceImpl.LOGGER.error(""[initOrder][Init Order Fail][Order Already Exists][OrderId: {}]"", order.getId());","OrderOtherServiceImpl.LOGGER.error(""[initOrder][Init Order Fail][Order Already Exists][OrderId: {}]"", order.getId());",Unmodified,Not selected
ts-order-other-service/src/main/java/other/service/OrderOtherServiceImpl.java,OrderOtherServiceImpl,alterOrder,124,error,false,"OrderOtherServiceImpl.LOGGER.error(""[alterOrder][Alter Order Fail][Order do not exist][OrderId: {}]"", oldOrderId);","OrderOtherServiceImpl.LOGGER.error(""[alterOrder][Alter Order Fail][Order do not exist][OrderId: {}]"", oldOrderId);",Unmodified,Not selected
ts-order-other-service/src/main/java/other/service/OrderOtherServiceImpl.java,OrderOtherServiceImpl,alterOrder,134,info,true,"OrderOtherServiceImpl.LOGGER.info(""[alterOrder][Alter Order Success][newOrderId:{}]"",newOrder.getId());","OrderOtherServiceImpl.LOGGER.info(""[alterOrder] Order change completed; newOrderId={}"",newOrder.getId());",Combined Evolution,保留改签完成及新订单标识，使用紧凑字段
ts-order-other-service/src/main/java/other/service/OrderOtherServiceImpl.java,OrderOtherServiceImpl,alterOrder,137,error,false,"OrderOtherServiceImpl.LOGGER.error(""[alterOrder][Alter Order Fail][Create new order fail][newOrderId: {}]"", newOrder.getId());","OrderOtherServiceImpl.LOGGER.error(""[alterOrder][Alter Order Fail][Create new order fail][newOrderId: {}]"", newOrder.getId());",Unmodified,Not selected
ts-order-other-service/src/main/java/other/service/OrderOtherServiceImpl.java,OrderOtherServiceImpl,queryOrders,146,info,false,"OrderOtherServiceImpl.LOGGER.info(""[queryOrders][Step 1][Get Orders Number of Account][size: {}]"", list.size());","OrderOtherServiceImpl.LOGGER.info(""[queryOrders][Step 1][Get Orders Number of Account][size: {}]"", list.size());",Unmodified,Not selected
ts-order-other-service/src/main/java/other/service/OrderOtherServiceImpl.java,OrderOtherServiceImpl,queryOrders,164,info,false,"OrderOtherServiceImpl.LOGGER.info(""[queryOrders][Step 2][Check Status Fits End]"");","OrderOtherServiceImpl.LOGGER.info(""[queryOrders][Step 2][Check Status Fits End]"");",Unmodified,Not selected
ts-order-other-service/src/main/java/other/service/OrderOtherServiceImpl.java,OrderOtherServiceImpl,queryOrders,181,info,false,"OrderOtherServiceImpl.LOGGER.info(""[queryOrders][Step 2][Check Travel Date End]"");","OrderOtherServiceImpl.LOGGER.info(""[queryOrders][Step 2][Check Travel Date End]"");",Unmodified,Not selected
ts-order-other-service/src/main/java/other/service/OrderOtherServiceImpl.java,OrderOtherServiceImpl,queryOrders,193,info,false,"OrderOtherServiceImpl.LOGGER.info(""[queryOrders][Step 2][Check Bought Date End]"");","OrderOtherServiceImpl.LOGGER.info(""[queryOrders][Step 2][Check Bought Date End]"");",Unmodified,Not selected
ts-order-other-service/src/main/java/other/service/OrderOtherServiceImpl.java,OrderOtherServiceImpl,queryOrders,198,info,false,"OrderOtherServiceImpl.LOGGER.info(""[queryOrders][Step 2][Check All Requirement End]"");","OrderOtherServiceImpl.LOGGER.info(""[queryOrders][Step 2][Check All Requirement End]"");",Unmodified,Not selected
ts-order-other-service/src/main/java/other/service/OrderOtherServiceImpl.java,OrderOtherServiceImpl,queryOrders,200,info,false,"OrderOtherServiceImpl.LOGGER.info(""[queryOrders][Get order num][size:{}]"", finalList.size());","OrderOtherServiceImpl.LOGGER.info(""[queryOrders][Get order num][size:{}]"", finalList.size());",Unmodified,Not selected
ts-order-other-service/src/main/java/other/service/OrderOtherServiceImpl.java,OrderOtherServiceImpl,queryOrders,203,warn,false,"OrderOtherServiceImpl.LOGGER.warn(""[queryOrders][Orders don't fit the requirement][loginId: {}]"", qi.getLoginId());","OrderOtherServiceImpl.LOGGER.warn(""[queryOrders][Orders don't fit the requirement][loginId: {}]"", qi.getLoginId());",Unmodified,Original no-match wording conflicts with the branch returning unfiltered orders
ts-order-other-service/src/main/java/other/service/OrderOtherServiceImpl.java,OrderOtherServiceImpl,queryForStationId,233,info,false,"OrderOtherServiceImpl.LOGGER.info(""[queryForStationId][Stations name list][Name List is : {}]"", re.getBody().toString());","OrderOtherServiceImpl.LOGGER.info(""[queryForStationId][Stations name list][Name List is : {}]"", re.getBody().toString());",Unmodified,Not selected
ts-order-other-service/src/main/java/other/service/OrderOtherServiceImpl.java,OrderOtherServiceImpl,saveChanges,241,error,true,"OrderOtherServiceImpl.LOGGER.error(""[saveChanges][Modify Order Fail][Order not found][OrderId: {}]"", order.getId());","OrderOtherServiceImpl.LOGGER.error(""Order {} not found; changes cannot be saved (saveChanges)"", order.getId());",Combined Evolution,以缺失订单作为更新失败原因并后置操作名
ts-order-other-service/src/main/java/other/service/OrderOtherServiceImpl.java,OrderOtherServiceImpl,saveChanges,263,info,true,"OrderOtherServiceImpl.LOGGER.info(""[saveChanges][Modify Order Success][OrderId: {}]"",order.getId());","OrderOtherServiceImpl.LOGGER.info(""[saveChanges][Order changes saved][orderId={}]"",order.getId());",Combined Evolution,明确修改成功，规范订单标识标签
ts-order-other-service/src/main/java/other/service/OrderOtherServiceImpl.java,OrderOtherServiceImpl,cancelOrder,273,error,false,"OrderOtherServiceImpl.LOGGER.error(""[cancelOrder][Cancel Order Fail][Order not found][OrderId: {}]"", orderId);","OrderOtherServiceImpl.LOGGER.error(""[cancelOrder][Cancel Order Fail][Order not found][OrderId: {}]"", orderId);",Unmodified,Not selected
ts-order-other-service/src/main/java/other/service/OrderOtherServiceImpl.java,OrderOtherServiceImpl,cancelOrder,279,info,false,"OrderOtherServiceImpl.LOGGER.info(""[cancelOrder][Cancel Order Success][OrderId: {}]"",oldOrder.getId());","OrderOtherServiceImpl.LOGGER.info(""[cancelOrder][Cancel Order Success][OrderId: {}]"",oldOrder.getId());",Unmodified,Not selected
ts-order-other-service/src/main/java/other/service/OrderOtherServiceImpl.java,OrderOtherServiceImpl,queryAlreadySoldOrders,290,info,false,"OrderOtherServiceImpl.LOGGER.info(""[queryAlreadySoldOrders][Calculate Sold Ticket][Get Orders Number: {}]"", orders.size());","OrderOtherServiceImpl.LOGGER.info(""[queryAlreadySoldOrders][Calculate Sold Ticket][Get Orders Number: {}]"", orders.size());",Unmodified,Not selected
ts-order-other-service/src/main/java/other/service/OrderOtherServiceImpl.java,OrderOtherServiceImpl,queryAlreadySoldOrders,314,info,true,"OrderOtherServiceImpl.LOGGER.info(""[queryAlreadySoldOrders][Calculate Sold Tickets][Seat class not exists][Order ID: {}]"", order.getId());","OrderOtherServiceImpl.LOGGER.info(""[queryAlreadySoldOrders] Unrecognized seat class while counting sold tickets; orderId={}"", order.getId());",Combined Evolution,保留售票统计中未知座位类型的事件，未改变 info 级别
ts-order-other-service/src/main/java/other/service/OrderOtherServiceImpl.java,OrderOtherServiceImpl,getAllOrders,324,warn,false,"OrderOtherServiceImpl.LOGGER.warn(""[getAllOrders][Find all orders warn][{}]"",""No content"");","OrderOtherServiceImpl.LOGGER.warn(""[getAllOrders][Find all orders warn][{}]"",""No content"");",Unmodified,Not selected
ts-order-other-service/src/main/java/other/service/OrderOtherServiceImpl.java,OrderOtherServiceImpl,getAllOrders,327,info,false,"OrderOtherServiceImpl.LOGGER.info(""[getAllOrders][Find all orders Success][size:{}]"",orders.size());","OrderOtherServiceImpl.LOGGER.info(""[getAllOrders][Find all orders Success][size:{}]"",orders.size());",Unmodified,Not selected
ts-order-other-service/src/main/java/other/service/OrderOtherServiceImpl.java,OrderOtherServiceImpl,modifyOrder,336,error,true,"OrderOtherServiceImpl.LOGGER.error(""[modifyOrder][Modify order Fail][Order not found][OrderId: {}]"",orderId);","OrderOtherServiceImpl.LOGGER.error(""[modifyOrder] Missing order {} prevents status update"",orderId);",Combined Evolution,依据修改 status 参数澄清更新订单状态失败
ts-order-other-service/src/main/java/other/service/OrderOtherServiceImpl.java,OrderOtherServiceImpl,modifyOrder,342,info,false,"OrderOtherServiceImpl.LOGGER.info(""[modifyOrder][Modify order Success][OrderId: {}]"",orderId);","OrderOtherServiceImpl.LOGGER.info(""[modifyOrder][Modify order Success][OrderId: {}]"",orderId);",Unmodified,Not selected
ts-order-other-service/src/main/java/other/service/OrderOtherServiceImpl.java,OrderOtherServiceImpl,getOrderPrice,351,error,false,"OrderOtherServiceImpl.LOGGER.error(""[getOrderPrice][Get order price Fail][Order not found][OrderId: {}]"",orderId);","OrderOtherServiceImpl.LOGGER.error(""[getOrderPrice][Get order price Fail][Order not found][OrderId: {}]"",orderId);",Unmodified,Not selected
ts-order-other-service/src/main/java/other/service/OrderOtherServiceImpl.java,OrderOtherServiceImpl,getOrderPrice,355,info,false,"OrderOtherServiceImpl.LOGGER.info(""[getOrderPrice][Get Order Price Success][OrderId:{} , Price: {}]"", orderId,order.getPrice());","OrderOtherServiceImpl.LOGGER.info(""[getOrderPrice][Get Order Price Success][OrderId:{} , Price: {}]"", orderId,order.getPrice());",Unmodified,Not selected
ts-order-other-service/src/main/java/other/service/OrderOtherServiceImpl.java,OrderOtherServiceImpl,payOrder,364,error,false,"OrderOtherServiceImpl.LOGGER.error(""[payOrder][Pay order Fail][Order not found][OrderId: {}]"",orderId);","OrderOtherServiceImpl.LOGGER.error(""[payOrder][Pay order Fail][Order not found][OrderId: {}]"",orderId);",Unmodified,Not selected
ts-order-other-service/src/main/java/other/service/OrderOtherServiceImpl.java,OrderOtherServiceImpl,payOrder,370,info,false,"OrderOtherServiceImpl.LOGGER.info(""[payOrder][Pay order Success][OrderId: {}]"",orderId);","OrderOtherServiceImpl.LOGGER.info(""[payOrder][Pay order Success][OrderId: {}]"",orderId);",Unmodified,Not selected
ts-order-other-service/src/main/java/other/service/OrderOtherServiceImpl.java,OrderOtherServiceImpl,getOrderById,380,error,false,"OrderOtherServiceImpl.LOGGER.error(""[getOrderById][Get Order By ID Fail][Order not found][OrderId: {}]"",orderId);","OrderOtherServiceImpl.LOGGER.error(""[getOrderById][Get Order By ID Fail][Order not found][OrderId: {}]"",orderId);",Unmodified,Not selected
ts-order-other-service/src/main/java/other/service/OrderOtherServiceImpl.java,OrderOtherServiceImpl,getOrderById,384,info,false,"OrderOtherServiceImpl.LOGGER.info(""[getOrderById][Get Order By ID Success][OrderId: {}]"",orderId);","OrderOtherServiceImpl.LOGGER.info(""[getOrderById][Get Order By ID Success][OrderId: {}]"",orderId);",Unmodified,Not selected
ts-order-other-service/src/main/java/other/service/OrderOtherServiceImpl.java,OrderOtherServiceImpl,deleteOrder,420,error,false,"OrderOtherServiceImpl.LOGGER.error(""[deleteOrder][Delete order Fail][Order not found][OrderId: {}]"",orderId);","OrderOtherServiceImpl.LOGGER.error(""[deleteOrder][Delete order Fail][Order not found][OrderId: {}]"",orderId);",Unmodified,Not selected
ts-order-other-service/src/main/java/other/service/OrderOtherServiceImpl.java,OrderOtherServiceImpl,deleteOrder,425,info,false,"OrderOtherServiceImpl.LOGGER.info(""[deleteOrder][Delete order Success][OrderId: {}]"",orderId);","OrderOtherServiceImpl.LOGGER.info(""[deleteOrder][Delete order Success][OrderId: {}]"",orderId);",Unmodified,Not selected
ts-order-other-service/src/main/java/other/service/OrderOtherServiceImpl.java,OrderOtherServiceImpl,addNewOrder,432,info,false,"OrderOtherServiceImpl.LOGGER.info(""[addNewOrder][Admin Add Order][Ready to Add Order]"");","OrderOtherServiceImpl.LOGGER.info(""[addNewOrder][Admin Add Order][Ready to Add Order]"");",Unmodified,Not selected
ts-order-other-service/src/main/java/other/service/OrderOtherServiceImpl.java,OrderOtherServiceImpl,addNewOrder,435,error,false,"OrderOtherServiceImpl.LOGGER.error(""[addNewOrder][Admin Add Order Fail][Order already exists][OrderId: {}]"",order.getId());","OrderOtherServiceImpl.LOGGER.error(""[addNewOrder][Admin Add Order Fail][Order already exists][OrderId: {}]"",order.getId());",Unmodified,Not selected
ts-order-other-service/src/main/java/other/service/OrderOtherServiceImpl.java,OrderOtherServiceImpl,addNewOrder,440,info,false,"OrderOtherServiceImpl.LOGGER.info(""[addNewOrder][Admin Add Order Success][OrderId:{} , Price:{}]"",order.getId(),order.getPrice());","OrderOtherServiceImpl.LOGGER.info(""[addNewOrder][Admin Add Order Success][OrderId:{} , Price:{}]"",order.getId(),order.getPrice());",Unmodified,Not selected
ts-order-other-service/src/main/java/other/service/OrderOtherServiceImpl.java,OrderOtherServiceImpl,updateOrder,447,info,false,"LOGGER.info(""[updateOrder][Admin Update Order][Order Info:{}]"",order.toString());","LOGGER.info(""[updateOrder][Admin Update Order][Order Info:{}]"",order.toString());",Unmodified,Not selected
ts-order-other-service/src/main/java/other/service/OrderOtherServiceImpl.java,OrderOtherServiceImpl,updateOrder,451,error,true,"OrderOtherServiceImpl.LOGGER.error(""[updateOrder][Admin Update Order Fail][Order not found][OrderId: {}]"",order.getId());","OrderOtherServiceImpl.LOGGER.error(""[updateOrder][Admin update rejected: order not found][orderId: {}]"",order.getId());",Combined Evolution,合并管理员修改失败和缺失订单说明
ts-order-other-service/src/main/java/other/service/OrderOtherServiceImpl.java,OrderOtherServiceImpl,updateOrder,472,info,false,"OrderOtherServiceImpl.LOGGER.info(""[updateOrder][Admin Update Order Success][OrderId:{}]"",oldOrder.getId());","OrderOtherServiceImpl.LOGGER.info(""[updateOrder][Admin Update Order Success][OrderId:{}]"",oldOrder.getId());",Unmodified,Not selected
ts-order-service/src/main/java/order/controller/OrderController.java,OrderController,getTicketListByDateAndTripId,39,info,true,"OrderController.LOGGER.info(""[getSoldTickets][Get Sold Ticket][Travel Date: {}]"", seatRequest.getTravelDate().toString());","OrderController.LOGGER.info(""Sold-ticket lookup requested for travel date {}"", seatRequest.getTravelDate().toString());",Combined Evolution,保留查询已售票及出行日期，避免误报余票数量
ts-order-service/src/main/java/order/controller/OrderController.java,OrderController,createNewOrder,46,info,false,"OrderController.LOGGER.info(""[createNewOrder][Create Order][from {} to {} at {}]"", createOrder.getFrom(), createOrder.getTo(), createOrder.getTravelDate());","OrderController.LOGGER.info(""[createNewOrder][Create Order][from {} to {} at {}]"", createOrder.getFrom(), createOrder.getTo(), createOrder.getTravelDate());",Unmodified,Not selected
ts-order-service/src/main/java/order/controller/OrderController.java,OrderController,queryOrders,60,info,false,"OrderController.LOGGER.info(""[queryOrders][Query Orders][for LoginId :{}]"", qi.getLoginId());","OrderController.LOGGER.info(""[queryOrders][Query Orders][for LoginId :{}]"", qi.getLoginId());",Unmodified,Not selected
ts-order-service/src/main/java/order/controller/OrderController.java,OrderController,queryOrdersForRefresh,68,info,false,"OrderController.LOGGER.info(""[queryOrdersForRefresh][Query Orders][for LoginId:{}]"", qi.getLoginId());","OrderController.LOGGER.info(""[queryOrdersForRefresh][Query Orders][for LoginId:{}]"", qi.getLoginId());",Unmodified,Not selected
ts-order-service/src/main/java/order/controller/OrderController.java,OrderController,calculateSoldTicket,76,info,true,"OrderController.LOGGER.info(""[queryAlreadySoldOrders][Calculate Sold Tickets][Date: {} TrainNumber: {}]"", travelDate, trainNumber);","OrderController.LOGGER.info(""[calculateSoldTicket] Counting sold tickets [travelDate={}, trainNumber={}]"", travelDate, trainNumber);",Combined Evolution,使用实际方法名并明确两个参数为日期和列车号
ts-order-service/src/main/java/order/controller/OrderController.java,OrderController,getOrderPrice,83,info,false,"OrderController.LOGGER.info(""[getOrderPrice][Get Order Price][OrderId: {}]"", orderId);","OrderController.LOGGER.info(""[getOrderPrice][Get Order Price][OrderId: {}]"", orderId);",Unmodified,Not selected
ts-order-service/src/main/java/order/controller/OrderController.java,OrderController,payOrder,92,info,true,"OrderController.LOGGER.info(""[payOrder][Pay Order][OrderId: {}]"", orderId);","OrderController.LOGGER.info(""[payOrder] Payment requested for order {}"", orderId);",Combined Evolution,把订单标识融入支付请求句，保留调用前时态
ts-order-service/src/main/java/order/controller/OrderController.java,OrderController,getOrderById,100,info,true,"OrderController.LOGGER.info(""[getOrderById][Get Order By Id][OrderId: {}]"", orderId);","OrderController.LOGGER.info(""Order details requested [orderId={}]"", orderId);",Combined Evolution,合并按 ID 查询的冗余标签并规范订单字段
ts-order-service/src/main/java/order/controller/OrderController.java,OrderController,modifyOrder,108,info,true,"OrderController.LOGGER.info(""[modifyOrder][Modify Order Status][OrderId: {}]"", orderId);","OrderController.LOGGER.info(""[modifyOrder][Order status change requested][orderId: {}]"", orderId);",Combined Evolution,明确请求修改的是订单状态，保留原参数
ts-order-service/src/main/java/order/controller/OrderController.java,OrderController,securityInfoCheck,118,info,false,"OrderController.LOGGER.info(""[checkSecurityAboutOrder][Security Info Get][AccountId:{}]"", accountId);","OrderController.LOGGER.info(""[checkSecurityAboutOrder][Security Info Get][AccountId:{}]"", accountId);",Unmodified,Not selected
ts-order-service/src/main/java/order/controller/OrderController.java,OrderController,saveOrderInfo,128,info,true,"OrderController.LOGGER.info(""[saveChanges][Save Order Info][OrderId:{}]"",orderInfo.getId());","OrderController.LOGGER.info(""[saveOrderInfo] Save request received for orderId={}"",orderInfo.getId());",Combined Evolution,使用实际 Controller 方法名并保留保存请求时态
ts-order-service/src/main/java/order/controller/OrderController.java,OrderController,updateOrder,136,info,true,"OrderController.LOGGER.info(""[updateOrder][Update Order][OrderId: {}]"", order.getId());","OrderController.LOGGER.info(""Order {}: admin update requested"", order.getId());",Combined Evolution,根据 admin 接口澄清管理员更新请求
ts-order-service/src/main/java/order/controller/OrderController.java,OrderController,deleteOrder,144,info,false,"OrderController.LOGGER.info(""[deleteOrder][Delete Order][OrderId: {}]"", orderId);","OrderController.LOGGER.info(""[deleteOrder][Delete Order][OrderId: {}]"", orderId);",Unmodified,Not selected
ts-order-service/src/main/java/order/controller/OrderController.java,OrderController,findAllOrder,154,info,true,"OrderController.LOGGER.info(""[getAllOrders][Find All Order]"");","OrderController.LOGGER.info(""[findAllOrder][Complete order list requested]"");",Combined Evolution,根据入口方法说明查询全部订单的请求
ts-order-service/src/main/java/order/service/OrderServiceImpl.java,OrderServiceImpl,getSoldTickets,65,info,true,"OrderServiceImpl.LOGGER.info(""[getSoldTickets][Left ticket info][info is: {}]"", leftTicketInfo.toString());","OrderServiceImpl.LOGGER.info(""[getSoldTickets] Remaining-ticket information: {}"", leftTicketInfo.toString());",Combined Evolution,合并 left ticket info 和 info is 的重复描述，保留完整对象
ts-order-service/src/main/java/order/service/OrderServiceImpl.java,OrderServiceImpl,getSoldTickets,68,warn,false,"OrderServiceImpl.LOGGER.warn(""[getSoldTickets][Seat][Left ticket info is empty][seat from date: {}, train number: {}]"",seatRequest.getTravelDate(),seatRequest.getTrainNumber());","OrderServiceImpl.LOGGER.warn(""[getSoldTickets][Seat][Left ticket info is empty][seat from date: {}, train number: {}]"",seatRequest.getTravelDate(),seatRequest.getTrainNumber());",Unmodified,Not selected
ts-order-service/src/main/java/order/service/OrderServiceImpl.java,OrderServiceImpl,findOrderById,77,warn,false,"OrderServiceImpl.LOGGER.warn(""[findOrderById][Find Order By Id Fail][No content][id: {}] "",id);","OrderServiceImpl.LOGGER.warn(""[findOrderById][Find Order By Id Fail][No content][id: {}] "",id);",Unmodified,Not selected
ts-order-service/src/main/java/order/service/OrderServiceImpl.java,OrderServiceImpl,findOrderById,81,warn,true,"OrderServiceImpl.LOGGER.warn(""[findOrderById][Find Order By Id Success][id: {}] "",id);","OrderServiceImpl.LOGGER.warn(""Order {} found (findOrderById)"",id);",Combined Evolution,简化成功查询文字，保留原 warn 级别
ts-order-service/src/main/java/order/service/OrderServiceImpl.java,OrderServiceImpl,create,88,info,true,"OrderServiceImpl.LOGGER.info(""[create][Create Order][Ready to Create Order]"");","OrderServiceImpl.LOGGER.info(""[create][Preparing to create an order]"");",Combined Evolution,合并重复创建标签，不提前断言保存成功
ts-order-service/src/main/java/order/service/OrderServiceImpl.java,OrderServiceImpl,create,91,error,false,"OrderServiceImpl.LOGGER.error(""[create][Order Create Fail][Order already exists][OrderId: {}]"", order.getId());","OrderServiceImpl.LOGGER.error(""[create][Order Create Fail][Order already exists][OrderId: {}]"", order.getId());",Unmodified,Not selected
ts-order-service/src/main/java/order/service/OrderServiceImpl.java,OrderServiceImpl,create,96,info,false,"OrderServiceImpl.LOGGER.info(""[create][Order Create Success][Order Price][OrderId:{} , Price: {}]"",order.getId(),order.getPrice());","OrderServiceImpl.LOGGER.info(""[create][Order Create Success][Order Price][OrderId:{} , Price: {}]"",order.getId(),order.getPrice());",Unmodified,Not selected
ts-order-service/src/main/java/order/service/OrderServiceImpl.java,OrderServiceImpl,alterOrder,107,error,false,"OrderServiceImpl.LOGGER.error(""[alterOrder][Alter Order Fail][Order do not exist][OrderId: {}]"", oldOrderId);","OrderServiceImpl.LOGGER.error(""[alterOrder][Alter Order Fail][Order do not exist][OrderId: {}]"", oldOrderId);",Unmodified,Not selected
ts-order-service/src/main/java/order/service/OrderServiceImpl.java,OrderServiceImpl,alterOrder,117,info,true,"OrderServiceImpl.LOGGER.info(""[alterOrder][Alter Order Success][newOrderId: {}]"",newOrder.getId());","OrderServiceImpl.LOGGER.info(""[alterOrder][Order change succeeded][newOrderId={}]"",newOrder.getId());",Combined Evolution,保留改签成功及新订单 ID，字段改为键值表达
ts-order-service/src/main/java/order/service/OrderServiceImpl.java,OrderServiceImpl,alterOrder,120,error,true,"OrderServiceImpl.LOGGER.error(""[alterOrder][Alter Order Fail][Create new order fail][newOrderId: {}]"", newOrder.getId());","OrderServiceImpl.LOGGER.error(""New order {} could not be created during the order change"", newOrder.getId());",Combined Evolution,明确改签失败是新订单创建未成功，保留新订单标识
ts-order-service/src/main/java/order/service/OrderServiceImpl.java,OrderServiceImpl,queryOrders,129,info,true,"OrderServiceImpl.LOGGER.info(""[queryOrders][Step 1][Get Orders Number of Account][size: {}]"", list.size());","OrderServiceImpl.LOGGER.info(""[queryOrders] Loaded {} account orders before filtering (step 1)"", list.size());",Combined Evolution,依据 list.size 与后续筛选位置说明初始订单数量
ts-order-service/src/main/java/order/service/OrderServiceImpl.java,OrderServiceImpl,queryOrders,147,info,false,"OrderServiceImpl.LOGGER.info(""[queryOrders][Step 2][Check Status Fits End]"");","OrderServiceImpl.LOGGER.info(""[queryOrders][Step 2][Check Status Fits End]"");",Unmodified,Not selected
ts-order-service/src/main/java/order/service/OrderServiceImpl.java,OrderServiceImpl,queryOrders,164,info,false,"OrderServiceImpl.LOGGER.info(""[queryOrders][Step 2][Check Travel Date End]"");","OrderServiceImpl.LOGGER.info(""[queryOrders][Step 2][Check Travel Date End]"");",Unmodified,Not selected
ts-order-service/src/main/java/order/service/OrderServiceImpl.java,OrderServiceImpl,queryOrders,176,info,false,"OrderServiceImpl.LOGGER.info(""[queryOrders][Step 2][Check Bought Date End]"");","OrderServiceImpl.LOGGER.info(""[queryOrders][Step 2][Check Bought Date End]"");",Unmodified,Not selected
ts-order-service/src/main/java/order/service/OrderServiceImpl.java,OrderServiceImpl,queryOrders,181,info,false,"OrderServiceImpl.LOGGER.info(""[queryOrders][Step 2][Check All Requirement End]"");","OrderServiceImpl.LOGGER.info(""[queryOrders][Step 2][Check All Requirement End]"");",Unmodified,Not selected
ts-order-service/src/main/java/order/service/OrderServiceImpl.java,OrderServiceImpl,queryOrders,183,info,true,"OrderServiceImpl.LOGGER.info(""[queryOrders][Get order num][size:{}]"", finalList.size());","OrderServiceImpl.LOGGER.info(""[queryOrders][Matching orders][count: {}]"", finalList.size());",Combined Evolution,将 finalList.size 明确为筛选后的匹配订单数量
ts-order-service/src/main/java/order/service/OrderServiceImpl.java,OrderServiceImpl,queryOrders,186,warn,false,"OrderServiceImpl.LOGGER.warn(""[queryOrders][Orders don't fit the requirement][loginId: {}]"", qi.getLoginId());","OrderServiceImpl.LOGGER.warn(""[queryOrders][Orders don't fit the requirement][loginId: {}]"", qi.getLoginId());",Unmodified,Original no-match wording conflicts with the branch returning unfiltered orders
ts-order-service/src/main/java/order/service/OrderServiceImpl.java,OrderServiceImpl,queryForStationId,218,info,false,"OrderServiceImpl.LOGGER.info(""[queryForStationId][Station Name List][Name List is: {}]"", re.getBody().toString());","OrderServiceImpl.LOGGER.info(""[queryForStationId][Station Name List][Name List is: {}]"", re.getBody().toString());",Unmodified,Not selected
ts-order-service/src/main/java/order/service/OrderServiceImpl.java,OrderServiceImpl,saveChanges,226,error,true,"OrderServiceImpl.LOGGER.error(""[saveChanges][Modify Order Fail][Order not found][OrderId: {}]"", order.getId());","OrderServiceImpl.LOGGER.error(""[saveChanges] Cannot save changes: orderId={} was not found"", order.getId());",Combined Evolution,保留保存修改失败与目标订单不存在的因果关系
ts-order-service/src/main/java/order/service/OrderServiceImpl.java,OrderServiceImpl,saveChanges,246,info,false,"OrderServiceImpl.LOGGER.info(""[saveChanges][Modify Order Success][OrderId: {}]"", order.getId());","OrderServiceImpl.LOGGER.info(""[saveChanges][Modify Order Success][OrderId: {}]"", order.getId());",Unmodified,Not selected
ts-order-service/src/main/java/order/service/OrderServiceImpl.java,OrderServiceImpl,cancelOrder,255,error,true,"OrderServiceImpl.LOGGER.error(""[cancelOrder][Cancel Order Fail][Order not found][OrderId: {}]"", orderId);","OrderServiceImpl.LOGGER.error(""[cancelOrder][Cancellation failed: missing order][orderId: {}]"", orderId);",Combined Evolution,合并取消失败与查无订单标签
ts-order-service/src/main/java/order/service/OrderServiceImpl.java,OrderServiceImpl,cancelOrder,261,info,true,"OrderServiceImpl.LOGGER.info(""[cancelOrder][Cancel Order Success][OrderId: {}]"", orderId);","OrderServiceImpl.LOGGER.info(""Cancellation saved for order {}"", orderId);",Combined Evolution,依据 CANCEL 状态保存之后的位置表达取消已完成
ts-order-service/src/main/java/order/service/OrderServiceImpl.java,OrderServiceImpl,queryAlreadySoldOrders,272,info,true,"OrderServiceImpl.LOGGER.info(""[queryAlreadySoldOrders][Calculate Sold Ticket][Get Orders Number: {}]"", orders.size());","OrderServiceImpl.LOGGER.info(""Sold-ticket calculation starts with {} orders [queryAlreadySoldOrders]"", orders.size());",Combined Evolution,依据遍历前 orders.size 说明计数输入为订单数量
ts-order-service/src/main/java/order/service/OrderServiceImpl.java,OrderServiceImpl,queryAlreadySoldOrders,296,info,false,"OrderServiceImpl.LOGGER.info(""[queryAlreadySoldOrders][Calculate Sold Tickets][Seat class not exists][Order ID: {}]"", order.getId());","OrderServiceImpl.LOGGER.info(""[queryAlreadySoldOrders][Calculate Sold Tickets][Seat class not exists][Order ID: {}]"", order.getId());",Unmodified,Not selected
ts-order-service/src/main/java/order/service/OrderServiceImpl.java,OrderServiceImpl,getAllOrders,306,warn,true,"OrderServiceImpl.LOGGER.warn(""[getAllOrders][Find all orders Success][size:{}]"",orders.size());","OrderServiceImpl.LOGGER.warn(""[getAllOrders] Order listing complete; count={}"",orders.size());",Combined Evolution,保留列表查询成功及数量，原 warn 级别不变
ts-order-service/src/main/java/order/service/OrderServiceImpl.java,OrderServiceImpl,getAllOrders,309,warn,false,"OrderServiceImpl.LOGGER.warn(""[getAllOrders][Find all orders Fail][{}]"",""No content"");","OrderServiceImpl.LOGGER.warn(""[getAllOrders][Find all orders Fail][{}]"",""No content"");",Unmodified,Not selected
ts-order-service/src/main/java/order/service/OrderServiceImpl.java,OrderServiceImpl,modifyOrder,318,error,true,"OrderServiceImpl.LOGGER.error(""[modifyOrder][Modify order Fail][Order not found][OrderId: {}]"",orderId);","OrderServiceImpl.LOGGER.error(""Order status update failed (orderId={}): record not found"",orderId);",Combined Evolution,明确修改状态失败源于订单不存在
ts-order-service/src/main/java/order/service/OrderServiceImpl.java,OrderServiceImpl,modifyOrder,324,info,false,"OrderServiceImpl.LOGGER.info(""[modifyOrder][Modify order Success][OrderId: {}]"",orderId);","OrderServiceImpl.LOGGER.info(""[modifyOrder][Modify order Success][OrderId: {}]"",orderId);",Unmodified,Not selected
ts-order-service/src/main/java/order/service/OrderServiceImpl.java,OrderServiceImpl,getOrderPrice,333,error,true,"OrderServiceImpl.LOGGER.error(""[getOrderPrice][Get order price Fail][Order not found][OrderId: {}]"",orderId);","OrderServiceImpl.LOGGER.error(""[getOrderPrice][Price unavailable: order not found][orderId={}]"",orderId);",Combined Evolution,合并价格查询失败与订单缺失原因
ts-order-service/src/main/java/order/service/OrderServiceImpl.java,OrderServiceImpl,getOrderPrice,337,info,true,"OrderServiceImpl.LOGGER.info(""[getOrderPrice][Get Order Price Success][OrderId: {} , Price: {}]"",orderId ,order.getPrice());","OrderServiceImpl.LOGGER.info(""Order {} has price {} [getOrderPrice]"",orderId ,order.getPrice());",Combined Evolution,按原序将订单和价格嵌入自然结果句
ts-order-service/src/main/java/order/service/OrderServiceImpl.java,OrderServiceImpl,payOrder,346,error,false,"OrderServiceImpl.LOGGER.error(""[payOrder][Pay order Fail][Order not found][OrderId: {}]"",orderId);","OrderServiceImpl.LOGGER.error(""[payOrder][Pay order Fail][Order not found][OrderId: {}]"",orderId);",Unmodified,Not selected
ts-order-service/src/main/java/order/service/OrderServiceImpl.java,OrderServiceImpl,payOrder,352,info,true,"OrderServiceImpl.LOGGER.info(""[payOrder][Pay order Success][OrderId: {}]"",orderId);","OrderServiceImpl.LOGGER.info(""[payOrder] Order {} marked as paid"",orderId);",Combined Evolution,根据设置 PAID 并保存的位置明确记录支付状态已更新
ts-order-service/src/main/java/order/service/OrderServiceImpl.java,OrderServiceImpl,getOrderById,361,warn,false,"OrderServiceImpl.LOGGER.warn(""[getOrderById][Get Order By ID Fail][Order not found][OrderId: {}]"",orderId);","OrderServiceImpl.LOGGER.warn(""[getOrderById][Get Order By ID Fail][Order not found][OrderId: {}]"",orderId);",Unmodified,Not selected
ts-order-service/src/main/java/order/service/OrderServiceImpl.java,OrderServiceImpl,getOrderById,365,info,false,"OrderServiceImpl.LOGGER.info(""[getOrderById][Get Order By ID Success][OrderId: {}]"",orderId);","OrderServiceImpl.LOGGER.info(""[getOrderById][Get Order By ID Success][OrderId: {}]"",orderId);",Unmodified,Not selected
ts-order-service/src/main/java/order/service/OrderServiceImpl.java,OrderServiceImpl,initOrder,375,info,false,"OrderServiceImpl.LOGGER.info(""[initOrder][Init Order Success][OrderId: {}]"", order.getId());","OrderServiceImpl.LOGGER.info(""[initOrder][Init Order Success][OrderId: {}]"", order.getId());",Unmodified,Not selected
ts-order-service/src/main/java/order/service/OrderServiceImpl.java,OrderServiceImpl,initOrder,378,error,false,"OrderServiceImpl.LOGGER.error(""[initOrder][Init Order Fail][Order Already Exists][OrderId: {}]"", order.getId());","OrderServiceImpl.LOGGER.error(""[initOrder][Init Order Fail][Order Already Exists][OrderId: {}]"", order.getId());",Unmodified,Not selected
ts-order-service/src/main/java/order/service/OrderServiceImpl.java,OrderServiceImpl,deleteOrder,414,error,true,"OrderServiceImpl.LOGGER.error(""[deleteOrder][Delete order Fail][Order not found][OrderId: {}]"",orderId);","OrderServiceImpl.LOGGER.error(""[deleteOrder][Cannot delete a missing order][orderId: {}]"",orderId);",Combined Evolution,以目标不存在解释删除失败
ts-order-service/src/main/java/order/service/OrderServiceImpl.java,OrderServiceImpl,deleteOrder,419,info,true,"OrderServiceImpl.LOGGER.info(""[deleteOrder][Delete order Success][OrderId: {}]"",orderId);","OrderServiceImpl.LOGGER.info(""[deleteOrder] Deletion complete; orderId={}"",orderId);",Combined Evolution,保留已删除订单和标识，精简重复成功标签
ts-order-service/src/main/java/order/service/OrderServiceImpl.java,OrderServiceImpl,addNewOrder,426,info,true,"OrderServiceImpl.LOGGER.info(""[addNewOrder][Admin Add Order][Ready to Add Order]"");","OrderServiceImpl.LOGGER.info(""Preparing a new admin order (addNewOrder)"");",Combined Evolution,简化准备新增管理员订单的重复标签
ts-order-service/src/main/java/order/service/OrderServiceImpl.java,OrderServiceImpl,addNewOrder,429,error,true,"OrderServiceImpl.LOGGER.error(""[addNewOrder][Admin Add Order Fail][Order already exists][OrderId: {}]"",order.getId());","OrderServiceImpl.LOGGER.error(""Admin order creation rejected: duplicate orderId={}"",order.getId());",Combined Evolution,保留重复订单导致管理员新增失败
ts-order-service/src/main/java/order/service/OrderServiceImpl.java,OrderServiceImpl,addNewOrder,434,info,true,"OrderServiceImpl.LOGGER.info(""[addNewOrder][Admin Add Order Success][OrderId: {} , Price: {}]"",order.getId() ,order.getPrice());","OrderServiceImpl.LOGGER.info(""[addNewOrder][Admin order created][orderId={}, price={}]"",order.getId() ,order.getPrice());",Combined Evolution,保留新增完成状态，规范两个字段并维持顺序
ts-order-service/src/main/java/order/service/OrderServiceImpl.java,OrderServiceImpl,updateOrder,441,info,false,"LOGGER.info(""[updateOrder][Admin Update Order][Order Info:{}] "", order.toString());","LOGGER.info(""[updateOrder][Admin Update Order][Order Info:{}] "", order.toString());",Unmodified,Not selected
ts-order-service/src/main/java/order/service/OrderServiceImpl.java,OrderServiceImpl,updateOrder,444,error,false,"OrderServiceImpl.LOGGER.error(""[updateOrder][Admin Update Order Fail][Order not found][OrderId: {}]"",order.getId());","OrderServiceImpl.LOGGER.error(""[updateOrder][Admin Update Order Fail][Order not found][OrderId: {}]"",order.getId());",Unmodified,Not selected
ts-order-service/src/main/java/order/service/OrderServiceImpl.java,OrderServiceImpl,updateOrder,465,info,false,"OrderServiceImpl.LOGGER.info(""[updateOrder][Admin Update Order Success][OrderId: {}]"",order.getId());","OrderServiceImpl.LOGGER.info(""[updateOrder][Admin Update Order Success][OrderId: {}]"",order.getId());",Unmodified,Not selected
ts-payment-service/src/main/java/com/trainticket/controller/PaymentController.java,PaymentController,pay,34,info,false,"PaymentController.LOGGER.info(""[pay][Pay][PaymentId: {}]"", info.getId());","PaymentController.LOGGER.info(""[pay][Pay][PaymentId: {}]"", info.getId());",Unmodified,Not selected
ts-payment-service/src/main/java/com/trainticket/controller/PaymentController.java,PaymentController,addMoney,40,info,false,"PaymentController.LOGGER.info(""[addMoney][Add money][PaymentId: {}]"", info.getId());","PaymentController.LOGGER.info(""[addMoney][Add money][PaymentId: {}]"", info.getId());",Unmodified,Not selected
ts-payment-service/src/main/java/com/trainticket/controller/PaymentController.java,PaymentController,query,46,info,false,"PaymentController.LOGGER.info(""[query][Query payment]"");","PaymentController.LOGGER.info(""[query][Query payment]"");",Unmodified,Not selected
ts-payment-service/src/main/java/com/trainticket/service/PaymentServiceImpl.java,PaymentServiceImpl,pay,43,warn,false,"PaymentServiceImpl.LOGGER.warn(""[pay][Pay Failed][Order not found with order id][PaymentId: {}, OrderId: {}]"",info.getId(),info.getOrderId());","PaymentServiceImpl.LOGGER.warn(""[pay][Pay Failed][Order not found with order id][PaymentId: {}, OrderId: {}]"",info.getId(),info.getOrderId());",Unmodified,Original order-not-found reason conflicts with an existing payment record branch
ts-payment-service/src/main/java/com/trainticket/service/PaymentServiceImpl.java,PaymentServiceImpl,query,61,info,false,"PaymentServiceImpl.LOGGER.info(""[query][Find all payment Success][size:{}]"",payments.size());","PaymentServiceImpl.LOGGER.info(""[query][Find all payment Success][size:{}]"",payments.size());",Unmodified,Not selected
ts-payment-service/src/main/java/com/trainticket/service/PaymentServiceImpl.java,PaymentServiceImpl,query,64,warn,false,"PaymentServiceImpl.LOGGER.warn(""[query][Find all payment warn][{}]"",""No content"");","PaymentServiceImpl.LOGGER.warn(""[query][Find all payment warn][{}]"",""No content"");",Unmodified,Not selected
ts-payment-service/src/main/java/com/trainticket/service/PaymentServiceImpl.java,PaymentServiceImpl,initPayment,74,error,false,"PaymentServiceImpl.LOGGER.error(""[initPayment][Init payment error][Payment not found][PaymentId: {}]"",payment.getId());","PaymentServiceImpl.LOGGER.error(""[initPayment][Init payment error][Payment not found][PaymentId: {}]"",payment.getId());",Unmodified,Not selected
ts-payment-service/src/main/java/com/trainticket/service/PaymentServiceImpl.java,PaymentServiceImpl,initPayment,76,info,false,"PaymentServiceImpl.LOGGER.info(""[initPayment][Init Payment Already Exists][PaymentId: {}]"", payment.getId());","PaymentServiceImpl.LOGGER.info(""[initPayment][Init Payment Already Exists][PaymentId: {}]"", payment.getId());",Unmodified,Not selected
ts-preserve-other-service/src/main/java/preserveOther/controller/PreserveOtherController.java,PreserveOtherController,preserve,35,info,true,"PreserveOtherController.LOGGER.info(""[preserve][Preserve Account order][from {} to {} at {}]"", oti.getFrom(), oti.getTo(), oti.getDate());","PreserveOtherController.LOGGER.info(""[preserve][Booking requested] {} -> {}, travelDate={}"", oti.getFrom(), oti.getTo(), oti.getDate());",Combined Evolution,以路线表达请求中的起终点，日期仍为第三参数
ts-preserve-other-service/src/main/java/preserveOther/service/PreserveOtherServiceImpl.java,PreserveOtherServiceImpl,preserve,48,info,false,"PreserveOtherServiceImpl.LOGGER.info(""[preserve][Verify Login] Success"");","PreserveOtherServiceImpl.LOGGER.info(""[preserve][Verify Login] Success"");",Unmodified,Not selected
ts-preserve-other-service/src/main/java/preserveOther/service/PreserveOtherServiceImpl.java,PreserveOtherServiceImpl,preserve,55,error,false,"PreserveOtherServiceImpl.LOGGER.error(""[preserve][Step 1][Check Security Fail][AccountId: {}]"",oti.getAccountId());","PreserveOtherServiceImpl.LOGGER.error(""[preserve][Step 1][Check Security Fail][AccountId: {}]"",oti.getAccountId());",Unmodified,Not selected
ts-preserve-other-service/src/main/java/preserveOther/service/PreserveOtherServiceImpl.java,PreserveOtherServiceImpl,preserve,58,info,false,"PreserveOtherServiceImpl.LOGGER.info(""[preserve][Step 1][Check Security Complete][AccountId: {}]"",oti.getAccountId());","PreserveOtherServiceImpl.LOGGER.info(""[preserve][Step 1][Check Security Complete][AccountId: {}]"",oti.getAccountId());",Unmodified,Not selected
ts-preserve-other-service/src/main/java/preserveOther/service/PreserveOtherServiceImpl.java,PreserveOtherServiceImpl,preserve,64,error,true,"PreserveOtherServiceImpl.LOGGER.error(""[preserve][Step 2][Find Contacts Fail][ContactsId: {},message: {}]"",oti.getContactsId(),gcr.getMsg());","PreserveOtherServiceImpl.LOGGER.error(""[preserve] Contact {} lookup failed: {} (step 2)"",oti.getContactsId(),gcr.getMsg());",Combined Evolution,将联系人标识和查询失败消息按原顺序合并
ts-preserve-other-service/src/main/java/preserveOther/service/PreserveOtherServiceImpl.java,PreserveOtherServiceImpl,preserve,68,info,false,"PreserveOtherServiceImpl.LOGGER.info(""[preserve][Step 2][Find contacts Complete][ContactsId: {}]"",oti.getContactsId());","PreserveOtherServiceImpl.LOGGER.info(""[preserve][Step 2][Find contacts Complete][ContactsId: {}]"",oti.getContactsId());",Unmodified,Not selected
ts-preserve-other-service/src/main/java/preserveOther/service/PreserveOtherServiceImpl.java,PreserveOtherServiceImpl,preserve,78,info,false,"PreserveOtherServiceImpl.LOGGER.info(""[preserve][Step 3][Check tickets num][TripId: {}]"", oti.getTripId());","PreserveOtherServiceImpl.LOGGER.info(""[preserve][Step 3][Check tickets num][TripId: {}]"", oti.getTripId());",Unmodified,Not selected
ts-preserve-other-service/src/main/java/preserveOther/service/PreserveOtherServiceImpl.java,PreserveOtherServiceImpl,preserve,83,error,false,"PreserveOtherServiceImpl.LOGGER.error(""[preserve][Step 3][Check tickets num][Search For Trip Detail Information error][TripId: {}, message: {}]"", gtdi.getTripId(), response.getMsg());","PreserveOtherServiceImpl.LOGGER.error(""[preserve][Step 3][Check tickets num][Search For Trip Detail Information error][TripId: {}, message: {}]"", gtdi.getTripId(), response.getMsg());",Unmodified,Not selected
ts-preserve-other-service/src/main/java/preserveOther/service/PreserveOtherServiceImpl.java,PreserveOtherServiceImpl,preserve,90,warn,true,"PreserveOtherServiceImpl.LOGGER.warn(""[preserve][Step 3][Check seat][Check seat is enough][TripId: {}]"",oti.getTripId());","PreserveOtherServiceImpl.LOGGER.warn(""[preserve][Step 3][No first-class seats available][tripId: {}]"",oti.getTripId());",Combined Evolution,根据 FIRSTCLASS 且余量为零分支澄清实际座位不足
ts-preserve-other-service/src/main/java/preserveOther/service/PreserveOtherServiceImpl.java,PreserveOtherServiceImpl,preserve,95,warn,true,"PreserveOtherServiceImpl.LOGGER.warn(""[preserve][Step 3][Check seat][Check seat is Not enough][TripId: {}]"",oti.getTripId());","PreserveOtherServiceImpl.LOGGER.warn(""Trip {}: booking blocked by insufficient seats (preserve, step 3)"",oti.getTripId());",Combined Evolution,保留预订时座位不足原因，不猜测异常条件中的具体余量
ts-preserve-other-service/src/main/java/preserveOther/service/PreserveOtherServiceImpl.java,PreserveOtherServiceImpl,preserve,101,info,true,"PreserveOtherServiceImpl.LOGGER.info(""[preserve][Step 3][Check tickets num][Tickets Enough]"");","PreserveOtherServiceImpl.LOGGER.info(""[preserve] Ticket availability check passed (step 3)"");",Combined Evolution,将余票充足改为校验通过，保留原第三阶段
ts-preserve-other-service/src/main/java/preserveOther/service/PreserveOtherServiceImpl.java,PreserveOtherServiceImpl,preserve,139,info,false,"PreserveOtherServiceImpl.LOGGER.info(""[Preserve 3][Get basic travel response status is 0][response is: {}]"", re.getBody());","PreserveOtherServiceImpl.LOGGER.info(""[Preserve 3][Get basic travel response status is 0][response is: {}]"", re.getBody());",Unmodified,Not selected
ts-preserve-other-service/src/main/java/preserveOther/service/PreserveOtherServiceImpl.java,PreserveOtherServiceImpl,preserve,145,info,false,"PreserveOtherServiceImpl.LOGGER.info(""[preserve][Step 4][Do Order][Travel Date][Date is: {}]"", oti.getDate().toString());","PreserveOtherServiceImpl.LOGGER.info(""[preserve][Step 4][Do Order][Travel Date][Date is: {}]"", oti.getDate().toString());",Unmodified,Not selected
ts-preserve-other-service/src/main/java/preserveOther/service/PreserveOtherServiceImpl.java,PreserveOtherServiceImpl,preserve,171,info,false,"PreserveOtherServiceImpl.LOGGER.info(""[preserve][Step 4][Do Order][Order Price][Price is: {}]"", order.getPrice());","PreserveOtherServiceImpl.LOGGER.info(""[preserve][Step 4][Do Order][Order Price][Price is: {}]"", order.getPrice());",Unmodified,Not selected
ts-preserve-other-service/src/main/java/preserveOther/service/PreserveOtherServiceImpl.java,PreserveOtherServiceImpl,preserve,175,error,false,"PreserveOtherServiceImpl.LOGGER.error(""[preserve][Step 4][Do Order][Create Order Fail][OrderId: {},  Reason: {}]"", order.getId(), cor.getMsg());","PreserveOtherServiceImpl.LOGGER.error(""[preserve][Step 4][Do Order][Create Order Fail][OrderId: {},  Reason: {}]"", order.getId(), cor.getMsg());",Unmodified,Not selected
ts-preserve-other-service/src/main/java/preserveOther/service/PreserveOtherServiceImpl.java,PreserveOtherServiceImpl,preserve,179,info,false,"PreserveOtherServiceImpl.LOGGER.info(""[preserve][Step 4][Do Order][Do Order Complete]"");","PreserveOtherServiceImpl.LOGGER.info(""[preserve][Step 4][Do Order][Do Order Complete]"");",Unmodified,Not selected
ts-preserve-other-service/src/main/java/preserveOther/service/PreserveOtherServiceImpl.java,PreserveOtherServiceImpl,preserve,183,info,true,"PreserveOtherServiceImpl.LOGGER.info(""[preserve][Step 5][Buy Assurance][Do not need to buy assurance]"");","PreserveOtherServiceImpl.LOGGER.info(""[preserve][Step 5][Assurance purchase not requested]"");",Combined Evolution,依据保险选项为零说明无需购买保险
ts-preserve-other-service/src/main/java/preserveOther/service/PreserveOtherServiceImpl.java,PreserveOtherServiceImpl,preserve,188,info,false,"PreserveOtherServiceImpl.LOGGER.info(""[preserve][Step 5][Buy Assurance][Preserve Buy Assurance Success]"");","PreserveOtherServiceImpl.LOGGER.info(""[preserve][Step 5][Buy Assurance][Preserve Buy Assurance Success]"");",Unmodified,Not selected
ts-preserve-other-service/src/main/java/preserveOther/service/PreserveOtherServiceImpl.java,PreserveOtherServiceImpl,preserve,190,warn,false,"PreserveOtherServiceImpl.LOGGER.warn(""[preserve][Step 5][Buy Assurance][Buy Assurance Fail][assurance: {}, OrderId: {}]"", oti.getAssurance(),cor.getData().getId());","PreserveOtherServiceImpl.LOGGER.warn(""[preserve][Step 5][Buy Assurance][Buy Assurance Fail][assurance: {}, OrderId: {}]"", oti.getAssurance(),cor.getData().getId());",Unmodified,Not selected
ts-preserve-other-service/src/main/java/preserveOther/service/PreserveOtherServiceImpl.java,PreserveOtherServiceImpl,preserve,208,info,false,"PreserveOtherServiceImpl.LOGGER.info(""[preserve][Step 6][Buy Food][Buy Food Success]"");","PreserveOtherServiceImpl.LOGGER.info(""[preserve][Step 6][Buy Food][Buy Food Success]"");",Unmodified,Not selected
ts-preserve-other-service/src/main/java/preserveOther/service/PreserveOtherServiceImpl.java,PreserveOtherServiceImpl,preserve,210,error,true,"PreserveOtherServiceImpl.LOGGER.error(""[preserve][Step 6][Buy Food][Buy Food Fail][OrderId: {}]"",cor.getData().getId());","PreserveOtherServiceImpl.LOGGER.error(""Food purchase failed for order {} [preserve: step 6]"",cor.getData().getId());",Combined Evolution,把餐食购买失败及订单标识合并，阶段后置
ts-preserve-other-service/src/main/java/preserveOther/service/PreserveOtherServiceImpl.java,PreserveOtherServiceImpl,preserve,214,info,true,"PreserveOtherServiceImpl.LOGGER.info(""[preserve][Step 6][Buy Food][Do not need to buy food]"");","PreserveOtherServiceImpl.LOGGER.info(""[preserve] Skipping food purchase; none selected (step 6)"");",Combined Evolution,根据未选择餐食分支说明跳过购买
ts-preserve-other-service/src/main/java/preserveOther/service/PreserveOtherServiceImpl.java,PreserveOtherServiceImpl,preserve,233,info,false,"PreserveOtherServiceImpl.LOGGER.info(""[preserve][Step 7][Add Consign][Consign Success]"");","PreserveOtherServiceImpl.LOGGER.info(""[preserve][Step 7][Add Consign][Consign Success]"");",Unmodified,Not selected
ts-preserve-other-service/src/main/java/preserveOther/service/PreserveOtherServiceImpl.java,PreserveOtherServiceImpl,preserve,235,error,false,"PreserveOtherServiceImpl.LOGGER.error(""[preserve][Step 7][Add Consign][Preserve Consign Fail][OrderId: {}]"", cor.getData().getId());","PreserveOtherServiceImpl.LOGGER.error(""[preserve][Step 7][Add Consign][Preserve Consign Fail][OrderId: {}]"", cor.getData().getId());",Unmodified,Not selected
ts-preserve-other-service/src/main/java/preserveOther/service/PreserveOtherServiceImpl.java,PreserveOtherServiceImpl,preserve,239,info,false,"PreserveOtherServiceImpl.LOGGER.info(""[preserve][Step 7][Add Consign][Do not need to consign]"");","PreserveOtherServiceImpl.LOGGER.info(""[preserve][Step 7][Add Consign][Do not need to consign]"");",Unmodified,Not selected
ts-preserve-other-service/src/main/java/preserveOther/service/PreserveOtherServiceImpl.java,PreserveOtherServiceImpl,sendEmail,291,info,false,"PreserveOtherServiceImpl.LOGGER.info(""[sendEmail][Send email to mq success]"");","PreserveOtherServiceImpl.LOGGER.info(""[sendEmail][Send email to mq success]"");",Unmodified,Not selected
ts-preserve-other-service/src/main/java/preserveOther/service/PreserveOtherServiceImpl.java,PreserveOtherServiceImpl,sendEmail,293,error,false,"PreserveOtherServiceImpl.LOGGER.error(""[sendEmail][Send email to mq error] exception is:"" + e);","PreserveOtherServiceImpl.LOGGER.error(""[sendEmail][Send email to mq error] exception is:"" + e);",Unmodified,Dynamic or concatenated message; retain expression and evaluation semantics
ts-preserve-other-service/src/main/java/preserveOther/service/PreserveOtherServiceImpl.java,PreserveOtherServiceImpl,getAccount,301,info,false,"PreserveOtherServiceImpl.LOGGER.info(""[getAccount][Cancel Order Service][Get Order By Id]"");","PreserveOtherServiceImpl.LOGGER.info(""[getAccount][Cancel Order Service][Get Order By Id]"");",Unmodified,Not selected
ts-preserve-other-service/src/main/java/preserveOther/service/PreserveOtherServiceImpl.java,PreserveOtherServiceImpl,addAssuranceForOrder,318,info,false,"PreserveOtherServiceImpl.LOGGER.info(""[addAssuranceForOrder][Preserve Service][Add Assurance Type For Order]"");","PreserveOtherServiceImpl.LOGGER.info(""[addAssuranceForOrder][Preserve Service][Add Assurance Type For Order]"");",Unmodified,Not selected
ts-preserve-other-service/src/main/java/preserveOther/service/PreserveOtherServiceImpl.java,PreserveOtherServiceImpl,queryForStationId,333,info,true,"PreserveOtherServiceImpl.LOGGER.info(""[queryForStationId][Preserve Other Service][Get Station By  Name]"");","PreserveOtherServiceImpl.LOGGER.info(""[queryForStationId][Resolving station name to ID for preserve-other]"");",Combined Evolution,明确普通预订服务正在将站名解析为 ID
ts-preserve-other-service/src/main/java/preserveOther/service/PreserveOtherServiceImpl.java,PreserveOtherServiceImpl,checkSecurity,348,info,false,"PreserveOtherServiceImpl.LOGGER.info(""[checkSecurity][Preserve Other Service][Check Account Security]"");","PreserveOtherServiceImpl.LOGGER.info(""[checkSecurity][Preserve Other Service][Check Account Security]"");",Unmodified,Not selected
ts-preserve-other-service/src/main/java/preserveOther/service/PreserveOtherServiceImpl.java,PreserveOtherServiceImpl,getTripAllDetailInformation,363,info,true,"PreserveOtherServiceImpl.LOGGER.info(""[getTripAllDetailInformation][Preserve Other Service][Get Trip All Detail Information]"");","PreserveOtherServiceImpl.LOGGER.info(""Requesting complete trip details from ts-travel2-service"");",Combined Evolution,依据下游 URL 说明车次详情查询去向
ts-preserve-other-service/src/main/java/preserveOther/service/PreserveOtherServiceImpl.java,PreserveOtherServiceImpl,getContactsById,378,info,true,"PreserveOtherServiceImpl.LOGGER.info(""[getContactsById][Preserve Other Service][Get Contacts By Id is]"");","PreserveOtherServiceImpl.LOGGER.info(""[getContactsById] Looking up the booking contact by ID"");",Combined Evolution,自然表达预订联系人查询，未声称已找到结果
ts-preserve-other-service/src/main/java/preserveOther/service/PreserveOtherServiceImpl.java,PreserveOtherServiceImpl,createOrder,393,info,false,"PreserveOtherServiceImpl.LOGGER.info(""[createOrder][Preserve Other Service][Get Contacts By Id]"");","PreserveOtherServiceImpl.LOGGER.info(""[createOrder][Preserve Other Service][Get Contacts By Id]"");",Unmodified,Not selected
ts-preserve-other-service/src/main/java/preserveOther/service/PreserveOtherServiceImpl.java,PreserveOtherServiceImpl,createFoodOrder,409,info,true,"PreserveOtherServiceImpl.LOGGER.info(""[createFoodOrder][Preserve Service][Add Preserve food Order]"");","PreserveOtherServiceImpl.LOGGER.info(""[createFoodOrder][Submitting the booking's food order]"");",Combined Evolution,合并预订服务与餐食订单新增说明，使用提交时态
ts-preserve-other-service/src/main/java/preserveOther/service/PreserveOtherServiceImpl.java,PreserveOtherServiceImpl,createConsign,423,info,false,"PreserveOtherServiceImpl.LOGGER.info(""[createConsign][Preserve Service][Add Condign]"");","PreserveOtherServiceImpl.LOGGER.info(""[createConsign][Preserve Service][Add Condign]"");",Unmodified,Not selected
ts-preserve-service/src/main/java/preserve/controller/PreserveController.java,PreserveController,preserve,35,info,true,"PreserveController.LOGGER.info(""[preserve][Preserve Account order][from {} to {} at {}]"", oti.getFrom(), oti.getTo(), oti.getDate());","PreserveController.LOGGER.info(""Booking request from {} to {} on {} (preserve)"", oti.getFrom(), oti.getTo(), oti.getDate());",Combined Evolution,将起终点与日期嵌入自然请求句，保持原序
ts-preserve-service/src/main/java/preserve/service/PreserveServiceImpl.java,PreserveServiceImpl,preserve,54,error,false,"PreserveServiceImpl.LOGGER.error(""[preserve][Step 1][Check Security Fail][AccountId: {}]"",oti.getAccountId());","PreserveServiceImpl.LOGGER.error(""[preserve][Step 1][Check Security Fail][AccountId: {}]"",oti.getAccountId());",Unmodified,Not selected
ts-preserve-service/src/main/java/preserve/service/PreserveServiceImpl.java,PreserveServiceImpl,preserve,57,info,false,"PreserveServiceImpl.LOGGER.info(""[preserve][Step 1][Check Security Complete][AccountId: {}]"",oti.getAccountId());","PreserveServiceImpl.LOGGER.info(""[preserve][Step 1][Check Security Complete][AccountId: {}]"",oti.getAccountId());",Unmodified,Not selected
ts-preserve-service/src/main/java/preserve/service/PreserveServiceImpl.java,PreserveServiceImpl,preserve,64,error,false,"PreserveServiceImpl.LOGGER.error(""[preserve][Step 2][Find Contacts Fail][ContactsId: {},message: {}]"",oti.getContactsId(),gcr.getMsg());","PreserveServiceImpl.LOGGER.error(""[preserve][Step 2][Find Contacts Fail][ContactsId: {},message: {}]"",oti.getContactsId(),gcr.getMsg());",Unmodified,Not selected
ts-preserve-service/src/main/java/preserve/service/PreserveServiceImpl.java,PreserveServiceImpl,preserve,67,info,true,"PreserveServiceImpl.LOGGER.info(""[preserve][Step 2][Find contacts Complete][ContactsId: {}]"",oti.getContactsId());","PreserveServiceImpl.LOGGER.info(""[preserve][Step 2][Contact lookup completed][contactId={}]"",oti.getContactsId());",Combined Evolution,保留联系人查询完成和阶段，规范标识字段
ts-preserve-service/src/main/java/preserve/service/PreserveServiceImpl.java,PreserveServiceImpl,preserve,77,info,false,"PreserveServiceImpl.LOGGER.info(""[preserve][Step 3][Check tickets num][TripId: {}]"", oti.getTripId());","PreserveServiceImpl.LOGGER.info(""[preserve][Step 3][Check tickets num][TripId: {}]"", oti.getTripId());",Unmodified,Not selected
ts-preserve-service/src/main/java/preserve/service/PreserveServiceImpl.java,PreserveServiceImpl,preserve,82,error,false,"PreserveServiceImpl.LOGGER.error(""[preserve][Step 3][Check tickets num][Search For Trip Detail Information error][TripId: {}, message: {}]"", gtdi.getTripId(), response.getMsg());","PreserveServiceImpl.LOGGER.error(""[preserve][Step 3][Check tickets num][Search For Trip Detail Information error][TripId: {}, message: {}]"", gtdi.getTripId(), response.getMsg());",Unmodified,Not selected
ts-preserve-service/src/main/java/preserve/service/PreserveServiceImpl.java,PreserveServiceImpl,preserve,89,warn,false,"PreserveServiceImpl.LOGGER.warn(""[preserve][Step 3][Check seat][Check seat is enough][TripId: {}]"",oti.getTripId());","PreserveServiceImpl.LOGGER.warn(""[preserve][Step 3][Check seat][Check seat is enough][TripId: {}]"",oti.getTripId());",Unmodified,Not selected
ts-preserve-service/src/main/java/preserve/service/PreserveServiceImpl.java,PreserveServiceImpl,preserve,94,warn,true,"PreserveServiceImpl.LOGGER.warn(""[preserve][Step 3][Check seat][Check seat is Not enough][TripId: {}]"",oti.getTripId());","PreserveServiceImpl.LOGGER.warn(""[preserve] Seat availability is insufficient [tripId={}; step=3]"",oti.getTripId());",Combined Evolution,保留座位不足原因，将车次与阶段并列呈现
ts-preserve-service/src/main/java/preserve/service/PreserveServiceImpl.java,PreserveServiceImpl,preserve,100,info,false,"PreserveServiceImpl.LOGGER.info(""[preserve][Step 3][Check tickets num][Tickets Enough]"");","PreserveServiceImpl.LOGGER.info(""[preserve][Step 3][Check tickets num][Tickets Enough]"");",Unmodified,Not selected
ts-preserve-service/src/main/java/preserve/service/PreserveServiceImpl.java,PreserveServiceImpl,preserve,136,info,false,"PreserveServiceImpl.LOGGER.info(""[Preserve 3][Get basic travel response status is 0][response is: {}]"", re.getBody());","PreserveServiceImpl.LOGGER.info(""[Preserve 3][Get basic travel response status is 0][response is: {}]"", re.getBody());",Unmodified,Not selected
ts-preserve-service/src/main/java/preserve/service/PreserveServiceImpl.java,PreserveServiceImpl,preserve,142,info,false,"PreserveServiceImpl.LOGGER.info(""[preserve][Step 4][Do Order][Travel Date][Date is: {}]"", oti.getDate().toString());","PreserveServiceImpl.LOGGER.info(""[preserve][Step 4][Do Order][Travel Date][Date is: {}]"", oti.getDate().toString());",Unmodified,Not selected
ts-preserve-service/src/main/java/preserve/service/PreserveServiceImpl.java,PreserveServiceImpl,preserve,168,info,true,"PreserveServiceImpl.LOGGER.info(""[preserve][Step 4][Do Order][Order Price][Price is: {}]"", order.getPrice());","PreserveServiceImpl.LOGGER.info(""Booking order price: {} (step 4)"", order.getPrice());",Combined Evolution,合并重复价格标签，保留下单前确定的价格
ts-preserve-service/src/main/java/preserve/service/PreserveServiceImpl.java,PreserveServiceImpl,preserve,172,error,true,"PreserveServiceImpl.LOGGER.error(""[preserve][Step 4][Do Order][Create Order Fail][OrderId: {},  Reason: {}]"", order.getId(), cor.getMsg());","PreserveServiceImpl.LOGGER.error(""[preserve][Order creation failed] orderId={}, reason={}"", order.getId(), cor.getMsg());",Combined Evolution,将创建订单失败与两个字段重新分组，原参数顺序不变
ts-preserve-service/src/main/java/preserve/service/PreserveServiceImpl.java,PreserveServiceImpl,preserve,175,info,false,"PreserveServiceImpl.LOGGER.info(""[preserve][Step 4][Do Order][Do Order Complete]"");","PreserveServiceImpl.LOGGER.info(""[preserve][Step 4][Do Order][Do Order Complete]"");",Unmodified,Not selected
ts-preserve-service/src/main/java/preserve/service/PreserveServiceImpl.java,PreserveServiceImpl,preserve,180,info,true,"PreserveServiceImpl.LOGGER.info(""[preserve][Step 5][Buy Assurance][Do not need to buy assurance]"");","PreserveServiceImpl.LOGGER.info(""[preserve] No assurance selected; purchase omitted"");",Combined Evolution,依据未选保险说明省略购买操作
ts-preserve-service/src/main/java/preserve/service/PreserveServiceImpl.java,PreserveServiceImpl,preserve,185,info,false,"PreserveServiceImpl.LOGGER.info(""[preserve][Step 5][Buy Assurance][Preserve Buy Assurance Success]"");","PreserveServiceImpl.LOGGER.info(""[preserve][Step 5][Buy Assurance][Preserve Buy Assurance Success]"");",Unmodified,Not selected
ts-preserve-service/src/main/java/preserve/service/PreserveServiceImpl.java,PreserveServiceImpl,preserve,187,warn,false,"PreserveServiceImpl.LOGGER.warn(""[preserve][Step 5][Buy Assurance][Buy Assurance Fail][assurance: {}, OrderId: {}]"", oti.getAssurance(),cor.getData().getId());","PreserveServiceImpl.LOGGER.warn(""[preserve][Step 5][Buy Assurance][Buy Assurance Fail][assurance: {}, OrderId: {}]"", oti.getAssurance(),cor.getData().getId());",Unmodified,Not selected
ts-preserve-service/src/main/java/preserve/service/PreserveServiceImpl.java,PreserveServiceImpl,preserve,208,info,false,"PreserveServiceImpl.LOGGER.info(""[preserve][Step 6][Buy Food][Buy Food Success]"");","PreserveServiceImpl.LOGGER.info(""[preserve][Step 6][Buy Food][Buy Food Success]"");",Unmodified,Not selected
ts-preserve-service/src/main/java/preserve/service/PreserveServiceImpl.java,PreserveServiceImpl,preserve,210,error,false,"PreserveServiceImpl.LOGGER.error(""[preserve][Step 6][Buy Food][Buy Food Fail][OrderId: {}]"",cor.getData().getId());","PreserveServiceImpl.LOGGER.error(""[preserve][Step 6][Buy Food][Buy Food Fail][OrderId: {}]"",cor.getData().getId());",Unmodified,Not selected
ts-preserve-service/src/main/java/preserve/service/PreserveServiceImpl.java,PreserveServiceImpl,preserve,214,info,true,"PreserveServiceImpl.LOGGER.info(""[preserve][Step 6][Buy Food][Do not need to buy food]"");","PreserveServiceImpl.LOGGER.info(""Food purchase not needed for this booking [preserve: step 6]"");",Combined Evolution,简化无需购买餐食的标签，保留预订阶段上下文
ts-preserve-service/src/main/java/preserve/service/PreserveServiceImpl.java,PreserveServiceImpl,preserve,231,info,false,"LOGGER.info(""CONSIGN INFO : "" +consignRequest.toString());","LOGGER.info(""CONSIGN INFO : "" +consignRequest.toString());",Unmodified,Dynamic or concatenated message; retain expression and evaluation semantics
ts-preserve-service/src/main/java/preserve/service/PreserveServiceImpl.java,PreserveServiceImpl,preserve,234,info,false,"PreserveServiceImpl.LOGGER.info(""[preserve][Step 7][Add Consign][Consign Success]"");","PreserveServiceImpl.LOGGER.info(""[preserve][Step 7][Add Consign][Consign Success]"");",Unmodified,Not selected
ts-preserve-service/src/main/java/preserve/service/PreserveServiceImpl.java,PreserveServiceImpl,preserve,236,error,true,"PreserveServiceImpl.LOGGER.error(""[preserve][Step 7][Add Consign][Preserve Consign Fail][OrderId: {}]"", cor.getData().getId());","PreserveServiceImpl.LOGGER.error(""[preserve][Step 7][Unable to add consign service][orderId={}]"", cor.getData().getId());",Combined Evolution,整句表达托运新增失败，保留订单和步骤
ts-preserve-service/src/main/java/preserve/service/PreserveServiceImpl.java,PreserveServiceImpl,preserve,240,info,true,"PreserveServiceImpl.LOGGER.info(""[preserve][Step 7][Add Consign][Do not need to consign]"");","PreserveServiceImpl.LOGGER.info(""[preserve] Consign step skipped because no consign was requested"");",Combined Evolution,结合托运选项说明跳过原因，未涉及其他预订结果
ts-preserve-service/src/main/java/preserve/service/PreserveServiceImpl.java,PreserveServiceImpl,sendEmail,292,info,false,"PreserveServiceImpl.LOGGER.info(""[sendEmail][Send email to mq success]"");","PreserveServiceImpl.LOGGER.info(""[sendEmail][Send email to mq success]"");",Unmodified,Not selected
ts-preserve-service/src/main/java/preserve/service/PreserveServiceImpl.java,PreserveServiceImpl,sendEmail,294,error,false,"PreserveServiceImpl.LOGGER.error(""[sendEmail][Send email to mq error] exception is:"" + e);","PreserveServiceImpl.LOGGER.error(""[sendEmail][Send email to mq error] exception is:"" + e);",Unmodified,Dynamic or concatenated message; retain expression and evaluation semantics
ts-preserve-service/src/main/java/preserve/service/PreserveServiceImpl.java,PreserveServiceImpl,getAccount,302,info,true,"PreserveServiceImpl.LOGGER.info(""[getAccount][Cancel Order Service][Get Order By Id]"");","PreserveServiceImpl.LOGGER.info(""[getAccount][Loading booking account details from user service]"");",Combined Evolution,依据账户查询方法澄清原复制的取消订单文字
ts-preserve-service/src/main/java/preserve/service/PreserveServiceImpl.java,PreserveServiceImpl,addAssuranceForOrder,317,info,true,"PreserveServiceImpl.LOGGER.info(""[addAssuranceForOrder][Preserve Service][Add Assurance Type For Order]"");","PreserveServiceImpl.LOGGER.info(""Adding the selected assurance type to the order (addAssuranceForOrder)"");",Combined Evolution,自然表达保险类型关联订单的操作并后置方法名
ts-preserve-service/src/main/java/preserve/service/PreserveServiceImpl.java,PreserveServiceImpl,queryForStationId,330,info,true,"PreserveServiceImpl.LOGGER.info(""[queryForStationId][Preserve Other Service][Get Station By  Name]"");","PreserveServiceImpl.LOGGER.info(""[queryForStationId] Resolving a station ID from its name"");",Combined Evolution,依据真实方法含义去除错误的 Preserve Other 服务标签
ts-preserve-service/src/main/java/preserve/service/PreserveServiceImpl.java,PreserveServiceImpl,checkSecurity,346,info,true,"PreserveServiceImpl.LOGGER.info(""[checkSecurity][Preserve Other Service][Check Account Security]"");","PreserveServiceImpl.LOGGER.info(""[checkSecurity][Requesting the account security check]"");",Combined Evolution,合并服务标签与安全校验动作，保留请求阶段
ts-preserve-service/src/main/java/preserve/service/PreserveServiceImpl.java,PreserveServiceImpl,getTripAllDetailInformation,361,info,false,"PreserveServiceImpl.LOGGER.info(""[getTripAllDetailInformation][Preserve Other Service][Get Trip All Detail Information]"");","PreserveServiceImpl.LOGGER.info(""[getTripAllDetailInformation][Preserve Other Service][Get Trip All Detail Information]"");",Unmodified,Not selected
ts-preserve-service/src/main/java/preserve/service/PreserveServiceImpl.java,PreserveServiceImpl,getContactsById,377,info,false,"PreserveServiceImpl.LOGGER.info(""[getContactsById][Preserve Other Service][Get Contacts By Id is]"");","PreserveServiceImpl.LOGGER.info(""[getContactsById][Preserve Other Service][Get Contacts By Id is]"");",Unmodified,Not selected
ts-preserve-service/src/main/java/preserve/service/PreserveServiceImpl.java,PreserveServiceImpl,createOrder,392,info,true,"PreserveServiceImpl.LOGGER.info(""[createOrder][Preserve Service][create order]"");","PreserveServiceImpl.LOGGER.info(""Submitting the booking order to ts-order-service"");",Combined Evolution,根据 createOrder 的 REST 请求明确下单去向
ts-preserve-service/src/main/java/preserve/service/PreserveServiceImpl.java,PreserveServiceImpl,createFoodOrder,407,info,false,"PreserveServiceImpl.LOGGER.info(""[createFoodOrder][Preserve Service][Add Preserve food Order]"");","PreserveServiceImpl.LOGGER.info(""[createFoodOrder][Preserve Service][Add Preserve food Order]"");",Unmodified,Not selected
ts-preserve-service/src/main/java/preserve/service/PreserveServiceImpl.java,PreserveServiceImpl,createConsign,421,info,false,"PreserveServiceImpl.LOGGER.info(""[createConsign][Preserve Service][Add Condign"");","PreserveServiceImpl.LOGGER.info(""[createConsign][Preserve Service][Add Condign"");",Unmodified,Not selected
ts-price-service/src/main/java/price/controller/PriceController.java,PriceController,query,39,info,false,"PriceController.LOGGER.info(""[findByRouteIdAndTrainType][Query price][RouteId: {}, TrainType: {}]"",routeId,trainType);","PriceController.LOGGER.info(""[findByRouteIdAndTrainType][Query price][RouteId: {}, TrainType: {}]"",routeId,trainType);",Unmodified,Not selected
ts-price-service/src/main/java/price/controller/PriceController.java,PriceController,query,46,info,true,"PriceController.LOGGER.info(""[findByRouteIdAndTrainType][Query price][routeId and Train Type: {}]"", ridsAndTts);","PriceController.LOGGER.info(""[query] Price lookup request for route/train-type pairs: {}"", ridsAndTts);",Combined Evolution,依据列表参数及批量服务调用澄清组合条件，保留整个列表
ts-price-service/src/main/java/price/controller/PriceController.java,PriceController,queryAll,52,info,false,"PriceController.LOGGER.info(""[findAllPriceConfig][Query all prices]"");","PriceController.LOGGER.info(""[findAllPriceConfig][Query all prices]"");",Unmodified,Not selected
ts-price-service/src/main/java/price/controller/PriceController.java,PriceController,create,59,info,false,"PriceController.LOGGER.info(""[createNewPriceConfig][Create price][RouteId: {}, TrainType: {}]"",info.getRouteId(),info.getTrainType());","PriceController.LOGGER.info(""[createNewPriceConfig][Create price][RouteId: {}, TrainType: {}]"",info.getRouteId(),info.getTrainType());",Unmodified,Not selected
ts-price-service/src/main/java/price/controller/PriceController.java,PriceController,delete,65,info,true,"PriceController.LOGGER.info(""[deletePriceConfig][Delete price][PriceConfigId: {}]"",pricesId);","PriceController.LOGGER.info(""Price configuration deletion requested [priceConfigId={}]"",pricesId);",Combined Evolution,明确价格配置删除请求并规范 ID 标签
ts-price-service/src/main/java/price/controller/PriceController.java,PriceController,update,71,info,true,"PriceController.LOGGER.info(""[updatePriceConfig][Update price][PriceConfigId: {}]"",info.getId());","PriceController.LOGGER.info(""[updatePriceConfig][Price configuration update requested][priceConfigId: {}]"",info.getId());",Combined Evolution,保留 Controller 更新请求时态与配置标识
ts-price-service/src/main/java/price/service/PriceServiceImpl.java,PriceServiceImpl,createNewPriceConfig,30,info,false,"PriceServiceImpl.LOGGER.info(""[createNewPriceConfig]"");","PriceServiceImpl.LOGGER.info(""[createNewPriceConfig]"");",Unmodified,Not selected
ts-price-service/src/main/java/price/service/PriceServiceImpl.java,PriceServiceImpl,findById,61,info,true,"PriceServiceImpl.LOGGER.info(""[findById][ID: {}]"", id);","PriceServiceImpl.LOGGER.info(""[findById][Looking up price configuration {}]"", id);",Combined Evolution,为仅有 ID 的原日志补充价格配置查询对象
ts-price-service/src/main/java/price/service/PriceServiceImpl.java,PriceServiceImpl,findByRouteIdAndTrainType,71,info,false,"PriceServiceImpl.LOGGER.info(""[findByRouteIdAndTrainType][Route: {} , Train Type: {}]"", routeId, trainType);","PriceServiceImpl.LOGGER.info(""[findByRouteIdAndTrainType][Route: {} , Train Type: {}]"", routeId, trainType);",Unmodified,Not selected
ts-price-service/src/main/java/price/service/PriceServiceImpl.java,PriceServiceImpl,findByRouteIdAndTrainType,76,warn,false,"PriceServiceImpl.LOGGER.warn(""[findByRouteIdAndTrainType][Find by route and train type warn][PricrConfig not found][RouteId: {}, TrainType: {}]"",routeId,trainType);","PriceServiceImpl.LOGGER.warn(""[findByRouteIdAndTrainType][Find by route and train type warn][PricrConfig not found][RouteId: {}, TrainType: {}]"",routeId,trainType);",Unmodified,Not selected
ts-price-service/src/main/java/price/service/PriceServiceImpl.java,PriceServiceImpl,findByRouteIdsAndTrainTypes,101,warn,true,"PriceServiceImpl.LOGGER.warn(""[findByRouteIdsAndTrainTypes][Find by routes and train types warn][PricrConfig not found][RouteIds: {}, TrainTypes: {}]"",routeIds,trainTypes);","PriceServiceImpl.LOGGER.warn(""Price configuration lookup returned no match; routeIds={}, trainTypes={}"",routeIds,trainTypes);",Combined Evolution,保留批量组合查询无结果，两个列表按原序呈现
ts-price-service/src/main/java/price/service/PriceServiceImpl.java,PriceServiceImpl,findAllPriceConfig,117,warn,false,"PriceServiceImpl.LOGGER.warn(""[findAllPriceConfig][Find all price config warn][{}]"",""No Content"");","PriceServiceImpl.LOGGER.warn(""[findAllPriceConfig][Find all price config warn][{}]"",""No Content"");",Unmodified,Not selected
ts-price-service/src/main/java/price/service/PriceServiceImpl.java,PriceServiceImpl,deletePriceConfig,129,error,false,"PriceServiceImpl.LOGGER.error(""[deletePriceConfig][Delete price config error][Price config not found][PriceConfigId: {}]"",pcId);","PriceServiceImpl.LOGGER.error(""[deletePriceConfig][Delete price config error][Price config not found][PriceConfigId: {}]"",pcId);",Unmodified,Not selected
ts-price-service/src/main/java/price/service/PriceServiceImpl.java,PriceServiceImpl,updatePriceConfig,142,error,true,"PriceServiceImpl.LOGGER.error(""[updatePriceConfig][Update price config error][Price config not found][PriceConfigId: {}]"",c.getId());","PriceServiceImpl.LOGGER.error(""[updatePriceConfig] Changes cannot be saved; missing priceConfigId={}"",c.getId());",Combined Evolution,合并修改失败和配置缺失的原因
ts-rebook-service/src/main/java/rebook/controller/RebookController.java,RebookController,payDifference,34,info,true,"RebookController.LOGGER.info(""[payDifference][Pay difference][OrderId: {}]"",info.getOrderId());","RebookController.LOGGER.info(""[payDifference][Fare-difference payment request][orderId={}]"",info.getOrderId());",Combined Evolution,明确差价支付请求及订单标识
ts-rebook-service/src/main/java/rebook/controller/RebookController.java,RebookController,rebook,40,info,false,"RebookController.LOGGER.info(""[rebook][Rebook][OrderId: {}, Old Trip Id: {}, New Trip Id: {}, Date: {}, Seat Type: {}]"", info.getOrderId(), info.getOldTripId(), info.getTripId(), info.getDate(), info.getSeatType());","RebookController.LOGGER.info(""[rebook][Rebook][OrderId: {}, Old Trip Id: {}, New Trip Id: {}, Date: {}, Seat Type: {}]"", info.getOrderId(), info.getOldTripId(), info.getTripId(), info.getDate(), info.getSeatType());",Unmodified,Not selected
ts-rebook-service/src/main/java/rebook/service/RebookServiceImpl.java,RebookServiceImpl,rebook,54,warn,true,"RebookServiceImpl.LOGGER.warn(""[rebook][Rebook warn][Order not suitable to rebook][OrderId: {}]"",info.getOrderId());","RebookServiceImpl.LOGGER.warn(""Order {} is not eligible for rebooking"",info.getOrderId());",Combined Evolution,合并改签告警和订单资格不符，保留订单 ID
ts-rebook-service/src/main/java/rebook/service/RebookServiceImpl.java,RebookServiceImpl,rebook,58,warn,false,"RebookServiceImpl.LOGGER.warn(""[rebook][Rebook warn][Order not found][OrderId: {}]"",info.getOrderId());","RebookServiceImpl.LOGGER.warn(""[rebook][Rebook warn][Order not found][OrderId: {}]"",info.getOrderId());",Unmodified,Not selected
ts-rebook-service/src/main/java/rebook/service/RebookServiceImpl.java,RebookServiceImpl,rebook,65,warn,false,"RebookServiceImpl.LOGGER.warn(""[rebook][Rebook warn][Order not paid][OrderId: {}]"",info.getOrderId());","RebookServiceImpl.LOGGER.warn(""[rebook][Rebook warn][Order not paid][OrderId: {}]"",info.getOrderId());",Unmodified,Not selected
ts-rebook-service/src/main/java/rebook/service/RebookServiceImpl.java,RebookServiceImpl,rebook,70,warn,true,"RebookServiceImpl.LOGGER.warn(""[rebook][Rebook warn][Order can't change twice][OrderId: {}]"",info.getOrderId());","RebookServiceImpl.LOGGER.warn(""[rebook] Second ticket change rejected; orderId={}"",info.getOrderId());",Combined Evolution,根据已改签状态明确不能再次改签，保留订单 ID
ts-rebook-service/src/main/java/rebook/service/RebookServiceImpl.java,RebookServiceImpl,rebook,73,warn,true,"RebookServiceImpl.LOGGER.warn(""[rebook][Rebook warn][Order already collected][OrderId: {}]"",info.getOrderId());","RebookServiceImpl.LOGGER.warn(""[rebook][Ticket already collected][orderId: {}]"",info.getOrderId());",Combined Evolution,保留已领票状态，不依据矛盾返回文字推断可否改签
ts-rebook-service/src/main/java/rebook/service/RebookServiceImpl.java,RebookServiceImpl,rebook,76,warn,true,"RebookServiceImpl.LOGGER.warn(""[rebook][Rebook warn][Order can't change][OrderId: {}]"",info.getOrderId());","RebookServiceImpl.LOGGER.warn(""[rebook] Ticket change not permitted for order {}"",info.getOrderId());",Combined Evolution,合并改签禁止说明，保持原订单参数
ts-rebook-service/src/main/java/rebook/service/RebookServiceImpl.java,RebookServiceImpl,rebook,82,warn,false,"RebookServiceImpl.LOGGER.warn(""[rebook][Rebook warn][Order beyond change time][OrderId: {}]"",info.getOrderId());","RebookServiceImpl.LOGGER.warn(""[rebook][Rebook warn][Order beyond change time][OrderId: {}]"",info.getOrderId());",Unmodified,Not selected
ts-rebook-service/src/main/java/rebook/service/RebookServiceImpl.java,RebookServiceImpl,rebook,95,warn,false,"RebookServiceImpl.LOGGER.warn(""[rebook][Rebook warn][Trip detail not found][OrderId: {}]"",info.getOrderId());","RebookServiceImpl.LOGGER.warn(""[rebook][Rebook warn][Trip detail not found][OrderId: {}]"",info.getOrderId());",Unmodified,Not selected
ts-rebook-service/src/main/java/rebook/service/RebookServiceImpl.java,RebookServiceImpl,rebook,101,warn,false,"RebookServiceImpl.LOGGER.warn(""[rebook][Rebook warn][Seat Not Enough][OrderId: {},SeatType: {}]"",info.getOrderId(),info.getSeatType());","RebookServiceImpl.LOGGER.warn(""[rebook][Rebook warn][Seat Not Enough][OrderId: {},SeatType: {}]"",info.getOrderId(),info.getSeatType());",Unmodified,Not selected
ts-rebook-service/src/main/java/rebook/service/RebookServiceImpl.java,RebookServiceImpl,rebook,106,warn,false,"RebookServiceImpl.LOGGER.warn(""[rebook][Rebook warn][Seat Not Enough][OrderId: {},SeatType: {}]"",info.getOrderId(),info.getSeatType());","RebookServiceImpl.LOGGER.warn(""[rebook][Rebook warn][Seat Not Enough][OrderId: {},SeatType: {}]"",info.getOrderId(),info.getSeatType());",Unmodified,Not selected
ts-rebook-service/src/main/java/rebook/service/RebookServiceImpl.java,RebookServiceImpl,rebook,128,warn,false,"RebookServiceImpl.LOGGER.warn(""[rebook][Rebook warn][Can't draw back the difference money][OrderId: {},LoginId: {},difference: {}]"",info.getOrderId(),info.getLoginId(),difference);","RebookServiceImpl.LOGGER.warn(""[rebook][Rebook warn][Can't draw back the difference money][OrderId: {},LoginId: {},difference: {}]"",info.getOrderId(),info.getLoginId(),difference);",Unmodified,Not selected
ts-rebook-service/src/main/java/rebook/service/RebookServiceImpl.java,RebookServiceImpl,payDifference,179,warn,true,"RebookServiceImpl.LOGGER.warn(""[payDifference][Pay difference warn][Can't pay the difference money][OrderId: {},LoginId: {},TripId: {}]"",info.getOrderId(),info.getLoginId(),info.getTripId());","RebookServiceImpl.LOGGER.warn(""[payDifference][Fare-difference payment failed][orderId={}, loginId={}, tripId={}]"",info.getOrderId(),info.getLoginId(),info.getTripId());",Combined Evolution,保留差价支付失败及订单登录车次三参数原序
ts-rebook-service/src/main/java/rebook/service/RebookServiceImpl.java,RebookServiceImpl,updateOrder,226,error,true,"RebookServiceImpl.LOGGER.error(""[updateOrder][Update order error][OrderId: {},TripId: {}]"",info.getOrderId(),info.getTripId());","RebookServiceImpl.LOGGER.error(""[updateOrder] Could not update order {} for trip {}"",info.getOrderId(),info.getTripId());",Combined Evolution,自然表达改签订单更新失败并保留订单和车次关系
ts-rebook-service/src/main/java/rebook/service/RebookServiceImpl.java,RebookServiceImpl,getRouteByRouteId,427,warn,true,"LOGGER.warn(""[getRouteByRouteId][Get Route By Id Failed][Fail msg: {}]"", result.getMsg());","LOGGER.warn(""Route lookup failed; service response: {}"", result.getMsg());",Combined Evolution,将下游失败消息自然接入路线查询失败说明
ts-rebook-service/src/main/java/rebook/service/RebookServiceImpl.java,RebookServiceImpl,getRouteByRouteId,430,info,false,"LOGGER.info(""[getRouteByRouteId][Get Route By Id][Success]"");","LOGGER.info(""[getRouteByRouteId][Get Route By Id][Success]"");",Unmodified,Not selected
ts-route-plan-service/src/main/java/plan/controller/RoutePlanController.java,RoutePlanController,getCheapestRoutes,32,info,false,"RoutePlanController.LOGGER.info(""[searchCheapestResult][Get Cheapest Routes][From: {}, To: {}, Num: {}, Date: {}]"", info.getStartStation(), info.getEndStation(), + info.getNum(), info.getTravelDate());","RoutePlanController.LOGGER.info(""[searchCheapestResult][Get Cheapest Routes][From: {}, To: {}, Num: {}, Date: {}]"", info.getStartStation(), info.getEndStation(), + info.getNum(), info.getTravelDate());",Unmodified,Not selected
ts-route-plan-service/src/main/java/plan/controller/RoutePlanController.java,RoutePlanController,getQuickestRoutes,38,info,false,"RoutePlanController.LOGGER.info(""[searchQuickestResult][Get Quickest Routes][From: {}, To: {}, Num: {}, Date: {}]"", info.getStartStation(), info.getEndStation(), info.getNum(), info.getTravelDate());","RoutePlanController.LOGGER.info(""[searchQuickestResult][Get Quickest Routes][From: {}, To: {}, Num: {}, Date: {}]"", info.getStartStation(), info.getEndStation(), info.getNum(), info.getTravelDate());",Unmodified,Not selected
ts-route-plan-service/src/main/java/plan/controller/RoutePlanController.java,RoutePlanController,getMinStopStations,44,info,true,"RoutePlanController.LOGGER.info(""[searchMinStopStations][Get Min Stop Stations][From: {}, To: {}, Num: {}, Date: {}]"", info.getStartStation(), info.getEndStation(), info.getNum(), info.getTravelDate());","RoutePlanController.LOGGER.info(""[getMinStopStations] Fewest-stop route request: {} -> {}, requestedCount={}, date={}"", info.getStartStation(), info.getEndStation(), info.getNum(), info.getTravelDate());",Combined Evolution,明确最少停站请求，保留起终点和请求数量日期的顺序
ts-route-plan-service/src/main/java/plan/service/RoutePlanServiceImpl.java,RoutePlanServiceImpl,searchMinStopStations,164,info,true,"RoutePlanServiceImpl.LOGGER.info(""[searchMinStopStations][Start and Finish][From Id: {} To: {}]"", fromStationId , toStationId);","RoutePlanServiceImpl.LOGGER.info(""[searchMinStopStations][Route search endpoints][fromStationId={}, toStationId={}]"", fromStationId , toStationId);",Combined Evolution,明确两个参数都是站点 ID，避免把终点混成站名
ts-route-plan-service/src/main/java/plan/service/RoutePlanServiceImpl.java,RoutePlanServiceImpl,searchMinStopStations,178,info,false,"RoutePlanServiceImpl.LOGGER.info(""[searchMinStopStations][Get the route][Candidate Route Number: {}]"", routeList.size());","RoutePlanServiceImpl.LOGGER.info(""[searchMinStopStations][Get the route][Candidate Route Number: {}]"", routeList.size());",Unmodified,Not selected
ts-route-plan-service/src/main/java/plan/service/RoutePlanServiceImpl.java,RoutePlanServiceImpl,searchMinStopStations,230,info,false,"RoutePlanServiceImpl.LOGGER.info(""[searchMinStopStations][Get train Information][Trips Num: {}]"", finalTripResult.size());","RoutePlanServiceImpl.LOGGER.info(""[searchMinStopStations][Get train Information][Trips Num: {}]"", finalTripResult.size());",Unmodified,Not selected
ts-route-plan-service/src/main/java/plan/service/RoutePlanServiceImpl.java,RoutePlanServiceImpl,searchMinStopStations,282,info,false,"RoutePlanServiceImpl.LOGGER.info(""[searchMinStopStations][Trips Response Unit Num: {}]"", tripResponses.size());","RoutePlanServiceImpl.LOGGER.info(""[searchMinStopStations][Trips Response Unit Num: {}]"", tripResponses.size());",Unmodified,Not selected
ts-route-plan-service/src/main/java/plan/service/RoutePlanServiceImpl.java,RoutePlanServiceImpl,getRouteByRouteId,298,error,false,"RoutePlanServiceImpl.LOGGER.error(""[getRouteByRouteId][Get Route By Id Fail][RouteId: {}]"", routeId);","RoutePlanServiceImpl.LOGGER.error(""[getRouteByRouteId][Get Route By Id Fail][RouteId: {}]"", routeId);",Unmodified,Not selected
ts-route-plan-service/src/main/java/plan/service/RoutePlanServiceImpl.java,RoutePlanServiceImpl,getRouteByRouteId,301,info,false,"RoutePlanServiceImpl.LOGGER.info(""[getRouteByRouteId][Get Route By Id Success]"");","RoutePlanServiceImpl.LOGGER.info(""[getRouteByRouteId][Get Route By Id Success]"");",Unmodified,Not selected
ts-route-plan-service/src/main/java/plan/service/RoutePlanServiceImpl.java,RoutePlanServiceImpl,getTripFromHighSpeedTravelServive,307,info,true,"RoutePlanServiceImpl.LOGGER.info(""[getTripFromHighSpeedTravelServive][trip info: {}]"", info);","RoutePlanServiceImpl.LOGGER.info(""High-speed trip query input: {}"", info);",Combined Evolution,根据所在辅助方法说明高速车次查询条件对象
ts-route-plan-service/src/main/java/plan/service/RoutePlanServiceImpl.java,RoutePlanServiceImpl,getTripFromHighSpeedTravelServive,318,info,true,"RoutePlanServiceImpl.LOGGER.info(""[getTripFromHighSpeedTravelServive][Route Plan Get Trip][Size:{}]"", tripResponses.size());","RoutePlanServiceImpl.LOGGER.info(""[getTripFromHighSpeedTravelServive] Received {} trip options from travel service"", tripResponses.size());",Combined Evolution,依据响应集合 size 明确车次方案数量
ts-route-plan-service/src/main/java/plan/service/RoutePlanServiceImpl.java,RoutePlanServiceImpl,getTripFromNormalTrainTravelService,332,info,true,"RoutePlanServiceImpl.LOGGER.info(""[getTripFromNormalTrainTravelService][Route Plan Get TripOther][Size:{}]"", list.size());","RoutePlanServiceImpl.LOGGER.info(""Normal-train service returned {} trip options (getTripFromNormalTrainTravelService)"", list.size());",Combined Evolution,保留普通列车服务来源及结果数量
ts-route-service/src/main/java/route/controller/RouteController.java,RouteController,createAndModifyRoute,35,info,true,"RouteController.LOGGER.info(""[createAndModify][Create route][start: {}, end: {}]"", createAndModifyRouteInfo.getStartStation(),createAndModifyRouteInfo.getEndStation());","RouteController.LOGGER.info(""[createAndModifyRoute][Route save requested] {} -> {}"", createAndModifyRouteInfo.getStartStation(),createAndModifyRouteInfo.getEndStation());",Combined Evolution,结合同时支持新增和修改的服务入口说明路线保存请求
ts-route-service/src/main/java/route/controller/RouteController.java,RouteController,deleteRoute,41,info,true,"RouteController.LOGGER.info(""[deleteRoute][Delete route][RouteId: {}]"", routeId);","RouteController.LOGGER.info(""[deleteRoute] Route removal requested (routeId={})"", routeId);",Combined Evolution,明确入口删除请求和路线标识
ts-route-service/src/main/java/route/controller/RouteController.java,RouteController,queryById,47,info,true,"RouteController.LOGGER.info(""[getRouteById][Query route by id][RouteId: {}]"", routeId);","RouteController.LOGGER.info(""Route {}: lookup request received"", routeId);",Combined Evolution,将路线 ID 置于请求主题，未提前报告找到结果
ts-route-service/src/main/java/route/controller/RouteController.java,RouteController,queryByIds,53,info,true,"RouteController.LOGGER.info(""[getRouteById][Query route by id][RouteId: {}]"", routeIds);","RouteController.LOGGER.info(""[queryByIds][Batch route request][routeIds: {}]"", routeIds);",Combined Evolution,依据 List 参数澄清批量 ID 查询而非单条路线
ts-route-service/src/main/java/route/controller/RouteController.java,RouteController,queryAll,59,info,true,"RouteController.LOGGER.info(""[getAllRoutes][Query all routes]"");","RouteController.LOGGER.info(""[queryAll] Request received for the full route list"");",Combined Evolution,使用实际 Controller 方法并明确全量路线请求
ts-route-service/src/main/java/route/controller/RouteController.java,RouteController,queryByStartAndTerminal,67,info,true,"RouteController.LOGGER.info(""[getRouteByStartAndEnd][Query routes][start: {}, end: {}]"", start, end);","RouteController.LOGGER.info(""Routes requested between {} and {} [queryByStartAndTerminal]"", start, end);",Combined Evolution,将端点参数嵌入请求句，保留起点在前
ts-route-service/src/main/java/route/service/RouteServiceImpl.java,RouteServiceImpl,createAndModify,33,info,false,"RouteServiceImpl.LOGGER.info(""[createAndModify][Create and modify start and end][Start: {} End: {}]"", info.getStartStation(), info.getEndStation());","RouteServiceImpl.LOGGER.info(""[createAndModify][Create and modify start and end][Start: {} End: {}]"", info.getStartStation(), info.getEndStation());",Unmodified,Not selected
ts-route-service/src/main/java/route/service/RouteServiceImpl.java,RouteServiceImpl,createAndModify,40,error,true,"RouteServiceImpl.LOGGER.error(""[createAndModify][Create and modify error][Station number not equal to distance number][RouteId: {}]"",info.getId());","RouteServiceImpl.LOGGER.error(""[createAndModify][Cannot save route: station and distance counts differ][routeId={}]"",info.getId());",Combined Evolution,保留数量不匹配导致创建修改失败的原因
ts-route-service/src/main/java/route/service/RouteServiceImpl.java,RouteServiceImpl,deleteRoute,75,error,false,"RouteServiceImpl.LOGGER.error(""[deleteRoute][Delete error][Route not found][RouteId: {}]"",routeId);","RouteServiceImpl.LOGGER.error(""[deleteRoute][Delete error][Route not found][RouteId: {}]"",routeId);",Unmodified,Original route-not-found reason conflicts with the post-delete route-still-present branch
ts-route-service/src/main/java/route/service/RouteServiceImpl.java,RouteServiceImpl,getRouteById,84,error,false,"RouteServiceImpl.LOGGER.error(""[getRouteById][Find route error][Route not found][RouteId: {}]"",routeId);","RouteServiceImpl.LOGGER.error(""[getRouteById][Find route error][Route not found][RouteId: {}]"",routeId);",Unmodified,Not selected
ts-route-service/src/main/java/route/service/RouteServiceImpl.java,RouteServiceImpl,getRouteByIds,96,error,true,"RouteServiceImpl.LOGGER.error(""[getRouteById][Find route error][Route not found][RouteIds: {}]"",routeIds);","RouteServiceImpl.LOGGER.error(""No routes found for IDs {} (getRouteByIds)"",routeIds);",Combined Evolution,根据批量查询方法明确参数为路线 ID 列表
ts-route-service/src/main/java/route/service/RouteServiceImpl.java,RouteServiceImpl,getRouteByStartAndEnd,106,info,true,"RouteServiceImpl.LOGGER.info(""[getRouteByStartAndEnd][Find All][size:{}]"", routes.size());","RouteServiceImpl.LOGGER.info(""[getRouteByStartAndEnd] Scanning {} routes for matching endpoints"", routes.size());",Combined Evolution,依据 findAll 后过滤前的位置说明扫描的候选总数
ts-route-service/src/main/java/route/service/RouteServiceImpl.java,RouteServiceImpl,getRouteByStartAndEnd,118,warn,false,"RouteServiceImpl.LOGGER.warn(""[getRouteByStartAndEnd][Find by start and terminal warn][Routes not found][startId: {},terminalId: {}]"",startId,terminalId);","RouteServiceImpl.LOGGER.warn(""[getRouteByStartAndEnd][Find by start and terminal warn][Routes not found][startId: {},terminalId: {}]"",startId,terminalId);",Unmodified,Not selected
ts-route-service/src/main/java/route/service/RouteServiceImpl.java,RouteServiceImpl,getAllRoutes,129,warn,true,"RouteServiceImpl.LOGGER.warn(""[getAllRoutes][Find all routes warn][{}]"",""No Content"");","RouteServiceImpl.LOGGER.warn(""[getAllRoutes][Route list is empty][detail: {}]"",""No Content"");",Combined Evolution,保留 No Content 参数并明确列表为空
ts-seat-service/src/main/java/seat/controller/SeatController.java,SeatController,create,41,info,true,"SeatController.LOGGER.info(""[distributeSeat][Create seat][TravelDate: {},TrainNumber: {},SeatType: {}]"",seatRequest.getTravelDate(),seatRequest.getTrainNumber(),seatRequest.getSeatType());","SeatController.LOGGER.info(""Seat allocation requested: travelDate={}, trainNumber={}, seatType={}"",seatRequest.getTravelDate(),seatRequest.getTrainNumber(),seatRequest.getSeatType());",Combined Evolution,将创建座位入口澄清为分配请求，三个字段原序不变
ts-seat-service/src/main/java/seat/controller/SeatController.java,SeatController,getLeftTicketOfInterval,57,info,false,"SeatController.LOGGER.info(""[getLeftTicketOfInterval][Get left ticket of interval][TravelDate: {},TrainNumber: {},SeatType: {}]"",seatRequest.getTravelDate(),seatRequest.getTrainNumber(),seatRequest.getSeatType());","SeatController.LOGGER.info(""[getLeftTicketOfInterval][Get left ticket of interval][TravelDate: {},TrainNumber: {},SeatType: {}]"",seatRequest.getTravelDate(),seatRequest.getTrainNumber(),seatRequest.getSeatType());",Unmodified,Not selected
ts-seat-service/src/main/java/seat/service/SeatServiceImpl.java,SeatServiceImpl,distributeSeat,54,info,true,"SeatServiceImpl.LOGGER.info(""[distributeSeat][TrainNumber start][G or D]"");","SeatServiceImpl.LOGGER.info(""[distributeSeat][G/D train seat allocation branch]"");",Combined Evolution,合并列车编号条件标签，明确正在处理 G/D 分支
ts-seat-service/src/main/java/seat/service/SeatServiceImpl.java,SeatServiceImpl,distributeSeat,66,info,false,"SeatServiceImpl.LOGGER.info(""[distributeSeat][Left ticket info][info is : {}]"", re3.getBody().toString());","SeatServiceImpl.LOGGER.info(""[distributeSeat][Left ticket info][info is : {}]"", re3.getBody().toString());",Unmodified,Not selected
ts-seat-service/src/main/java/seat/service/SeatServiceImpl.java,SeatServiceImpl,distributeSeat,69,info,false,"SeatServiceImpl.LOGGER.info(""[distributeSeat][TrainNumber start][Other Capital Except D and G]"");","SeatServiceImpl.LOGGER.info(""[distributeSeat][TrainNumber start][Other Capital Except D and G]"");",Unmodified,Not selected
ts-seat-service/src/main/java/seat/service/SeatServiceImpl.java,SeatServiceImpl,distributeSeat,79,info,false,"SeatServiceImpl.LOGGER.info(""[distributeSeat][Left ticket info][info is : {}]"", re3.getBody().toString());","SeatServiceImpl.LOGGER.info(""[distributeSeat][Left ticket info][info is : {}]"", re3.getBody().toString());",Unmodified,Not selected
ts-seat-service/src/main/java/seat/service/SeatServiceImpl.java,SeatServiceImpl,distributeSeat,105,info,false,"SeatServiceImpl.LOGGER.info(""[distributeSeat][Assign new tickets][Use the previous distributed seat number][seat number:{}]"", soldTicket.getSeatNo());","SeatServiceImpl.LOGGER.info(""[distributeSeat][Assign new tickets][Use the previous distributed seat number][seat number:{}]"", soldTicket.getSeatNo());",Unmodified,Not selected
ts-seat-service/src/main/java/seat/service/SeatServiceImpl.java,SeatServiceImpl,distributeSeat,114,info,true,"SeatServiceImpl.LOGGER.info(""[distributeSeat][Assign new tickets][Use a new seat number][seat number:{}]"", seat);","SeatServiceImpl.LOGGER.info(""[distributeSeat] Assigned new seat number {}"", seat);",Combined Evolution,依据 setSeatNo 后的位置说明已分配新座位号
ts-seat-service/src/main/java/seat/service/SeatServiceImpl.java,SeatServiceImpl,getLeftTicketOfInterval,137,info,true,"SeatServiceImpl.LOGGER.info(""[getLeftTicketOfInterval][Seat request][request:{}]"", seatRequest.toString());","SeatServiceImpl.LOGGER.info(""Interval availability request: {} (getLeftTicketOfInterval)"", seatRequest.toString());",Combined Evolution,将区间余票请求与整个座位请求对象合并表达
ts-seat-service/src/main/java/seat/service/SeatServiceImpl.java,SeatServiceImpl,getLeftTicketOfInterval,139,info,false,"SeatServiceImpl.LOGGER.info(""[getLeftTicketOfInterval][TrainNumber start with G|D][trainNumber:{}]"", trainNumber);","SeatServiceImpl.LOGGER.info(""[getLeftTicketOfInterval][TrainNumber start with G|D][trainNumber:{}]"", trainNumber);",Unmodified,Not selected
ts-seat-service/src/main/java/seat/service/SeatServiceImpl.java,SeatServiceImpl,getLeftTicketOfInterval,151,info,true,"SeatServiceImpl.LOGGER.info(""[getLeftTicketOfInterval][Get Order tickets result][result is {}]"", re3);","SeatServiceImpl.LOGGER.info(""[getLeftTicketOfInterval][Order service ticket response: {}]"", re3);",Combined Evolution,明确已收到订单服务票务响应，未将整个对象改称票数
ts-seat-service/src/main/java/seat/service/SeatServiceImpl.java,SeatServiceImpl,getLeftTicketOfInterval,154,info,false,"SeatServiceImpl.LOGGER.info(""[getLeftTicketOfInterval][TrainNumber start with other capital][trainNumber:{}]"", trainNumber);","SeatServiceImpl.LOGGER.info(""[getLeftTicketOfInterval][TrainNumber start with other capital][trainNumber:{}]"", trainNumber);",Unmodified,Not selected
ts-seat-service/src/main/java/seat/service/SeatServiceImpl.java,SeatServiceImpl,getLeftTicketOfInterval,166,info,false,"SeatServiceImpl.LOGGER.info(""[getLeftTicketOfInterval][Get Order tickets result][result is {}]"", re3);","SeatServiceImpl.LOGGER.info(""[getLeftTicketOfInterval][Get Order tickets result][result is {}]"", re3);",Unmodified,Not selected
ts-seat-service/src/main/java/seat/service/SeatServiceImpl.java,SeatServiceImpl,getLeftTicketOfInterval,183,info,false,"SeatServiceImpl.LOGGER.info(""[getLeftTicketOfInterval][Ticket available or sold][The previous distributed seat number is usable][{}]"", soldTicket.getSeatNo());","SeatServiceImpl.LOGGER.info(""[getLeftTicketOfInterval][Ticket available or sold][The previous distributed seat number is usable][{}]"", soldTicket.getSeatNo());",Unmodified,Not selected
ts-seat-service/src/main/java/seat/service/SeatServiceImpl.java,SeatServiceImpl,getDirectProportion,217,info,false,"SeatServiceImpl.LOGGER.info(""[getDirectProportion][Configs is : {}]"", configValue.getData().toString());","SeatServiceImpl.LOGGER.info(""[getDirectProportion][Configs is : {}]"", configValue.getData().toString());",Unmodified,Not selected
ts-security-service/src/main/java/security/controller/SecurityController.java,SecurityController,findAllSecurityConfig,34,info,false,"SecurityController.LOGGER.info(""[findAllSecurityConfig][Find All]"");","SecurityController.LOGGER.info(""[findAllSecurityConfig][Find All]"");",Unmodified,Not selected
ts-security-service/src/main/java/security/controller/SecurityController.java,SecurityController,create,41,info,false,"SecurityController.LOGGER.info(""[addNewSecurityConfig][Create][SecurityConfig Name: {}]"", info.getName());","SecurityController.LOGGER.info(""[addNewSecurityConfig][Create][SecurityConfig Name: {}]"", info.getName());",Unmodified,Not selected
ts-security-service/src/main/java/security/controller/SecurityController.java,SecurityController,update,48,info,true,"SecurityController.LOGGER.info(""[modifySecurityConfig][Update][SecurityConfig Name: {}]"", info.getName());","SecurityController.LOGGER.info(""[modifySecurityConfig] Update requested for configuration '{}'"", info.getName());",Combined Evolution,以配置名自然表达安全配置更新请求
ts-security-service/src/main/java/security/controller/SecurityController.java,SecurityController,delete,55,info,false,"SecurityController.LOGGER.info(""[deleteSecurityConfig][Delete][SecurityConfig Id: {}]"", id);","SecurityController.LOGGER.info(""[deleteSecurityConfig][Delete][SecurityConfig Id: {}]"", id);",Unmodified,Not selected
ts-security-service/src/main/java/security/controller/SecurityController.java,SecurityController,check,62,info,true,"SecurityController.LOGGER.info(""[check][Check Security][Check Account Id: {}]"", accountId);","SecurityController.LOGGER.info(""Account {}: security check requested"", accountId);",Combined Evolution,将账号标识作为安全校验请求的主题
ts-security-service/src/main/java/security/service/SecurityServiceImpl.java,SecurityServiceImpl,findAllSecurityConfig,58,warn,false,"SecurityServiceImpl.LOGGER.warn(""[findAllSecurityConfig][Find all security config warn][{}]"",""No content"");","SecurityServiceImpl.LOGGER.warn(""[findAllSecurityConfig][Find all security config warn][{}]"",""No content"");",Unmodified,Not selected
ts-security-service/src/main/java/security/service/SecurityServiceImpl.java,SecurityServiceImpl,addNewSecurityConfig,66,warn,false,"SecurityServiceImpl.LOGGER.warn(""[addNewSecurityConfig][Add new Security config warn][Security config already exist][SecurityConfigId: {},Name: {}]"",sc.getId(),info.getName());","SecurityServiceImpl.LOGGER.warn(""[addNewSecurityConfig][Add new Security config warn][Security config already exist][SecurityConfigId: {},Name: {}]"",sc.getId(),info.getName());",Unmodified,Not selected
ts-security-service/src/main/java/security/service/SecurityServiceImpl.java,SecurityServiceImpl,modifySecurityConfig,83,error,true,"SecurityServiceImpl.LOGGER.error(""[modifySecurityConfig][Modify Security config error][Security config not found][SecurityConfigId: {},Name: {}]"",info.getId(),info.getName());","SecurityServiceImpl.LOGGER.error(""[modifySecurityConfig][Missing configuration prevents update][configId={}, name={}]"",info.getId(),info.getName());",Combined Evolution,合并修改失败与配置缺失原因，保留配置 ID 和名称顺序
ts-security-service/src/main/java/security/service/SecurityServiceImpl.java,SecurityServiceImpl,deleteSecurityConfig,102,error,true,"SecurityServiceImpl.LOGGER.error(""[deleteSecurityConfig][Delete Security config error][Reason not clear][SecurityConfigId: {}]"",id);","SecurityServiceImpl.LOGGER.error(""[deleteSecurityConfig] Configuration still present after deletion; id={}"",id);",Combined Evolution,依据删除后查询仍存在澄清原原因不明的失败
ts-security-service/src/main/java/security/service/SecurityServiceImpl.java,SecurityServiceImpl,check,110,debug,true,"SecurityServiceImpl.LOGGER.debug(""[check][Get Order Num Info]"");","SecurityServiceImpl.LOGGER.debug(""[check][Loading order counts for security validation]"");",Combined Evolution,明确 debug 日志对应获取订单统计的阶段
ts-security-service/src/main/java/security/service/SecurityServiceImpl.java,SecurityServiceImpl,check,116,debug,false,"SecurityServiceImpl.LOGGER.debug(""[check][Get Security Config Info]"");","SecurityServiceImpl.LOGGER.debug(""[check][Get Security Config Info]"");",Unmodified,Not selected
ts-security-service/src/main/java/security/service/SecurityServiceImpl.java,SecurityServiceImpl,check,119,info,true,"SecurityServiceImpl.LOGGER.info(""[check][Max][Max In One Hour: {}  Max Not Use: {}]"", configMaxInHour.getValue(), configMaxNotUse.getValue());","SecurityServiceImpl.LOGGER.info(""Security limits: maxOrdersPerHour={}, maxUnusedOrders={}"", configMaxInHour.getValue(), configMaxNotUse.getValue());",Combined Evolution,根据两配置项名称明确一小时与未使用订单上限
ts-security-service/src/main/java/security/service/SecurityServiceImpl.java,SecurityServiceImpl,check,123,warn,true,"SecurityServiceImpl.LOGGER.warn(""[check][Check Security config warn][Too much order in last one hour or too much valid order][AccountId: {}]"",accountId);","SecurityServiceImpl.LOGGER.warn(""[check] Account {} exceeds the hourly order limit or the valid-order limit"",accountId);",Combined Evolution,保留两个超限条件的或关系，参数仍为账号 ID
ts-security-service/src/main/java/security/service/SecurityServiceImpl.java,SecurityServiceImpl,getSecurityOrderInfoFromOrder,141,info,true,"SecurityServiceImpl.LOGGER.info(""[getSecurityOrderInfoFromOrder][Get Order Info For Security][Last One Hour: {}  Total Valid Order: {}]"", result.getOrderNumInLastOneHour(), result.getOrderNumOfValidOrder());","SecurityServiceImpl.LOGGER.info(""[getSecurityOrderInfoFromOrder][Order security counts][lastHour={}, validTotal={}]"", result.getOrderNumInLastOneHour(), result.getOrderNumOfValidOrder());",Combined Evolution,依据两个统计 getter 规范最近一小时及有效订单总数字段
ts-security-service/src/main/java/security/service/SecurityServiceImpl.java,SecurityServiceImpl,getSecurityOrderOtherInfoFromOrder,156,info,false,"SecurityServiceImpl.LOGGER.info(""[getSecurityOrderOtherInfoFromOrder][Get Order Other Info For Security][Last One Hour: {}  Total Valid Order: {}]"", result.getOrderNumInLastOneHour(), result.getOrderNumOfValidOrder());","SecurityServiceImpl.LOGGER.info(""[getSecurityOrderOtherInfoFromOrder][Get Order Other Info For Security][Last One Hour: {}  Total Valid Order: {}]"", result.getOrderNumInLastOneHour(), result.getOrderNumOfValidOrder());",Unmodified,Not selected
ts-station-food-service/src/main/java/food/controller/StationFoodController.java,StationFoodController,getAllFoodStores,32,info,false,"StationFoodController.LOGGER.info(""[Food Map Service][Get All FoodStores]"");","StationFoodController.LOGGER.info(""[Food Map Service][Get All FoodStores]"");",Unmodified,Not selected
ts-station-food-service/src/main/java/food/controller/StationFoodController.java,StationFoodController,getFoodStoresOfStation,39,info,false,"StationFoodController.LOGGER.info(""[Food Map Service][Get FoodStores By StationName]"");","StationFoodController.LOGGER.info(""[Food Map Service][Get FoodStores By StationName]"");",Unmodified,Not selected
ts-station-food-service/src/main/java/food/controller/StationFoodController.java,StationFoodController,getFoodStoresByStationNames,46,info,true,"StationFoodController.LOGGER.info(""[Food Map Service][Get FoodStores By StationNames]"");","StationFoodController.LOGGER.info(""[getFoodStoresByStationNames] Food-store lookup requested for multiple stations"");",Combined Evolution,依据站点名称列表说明批量门店查询入口
ts-station-food-service/src/main/java/food/controller/StationFoodController.java,StationFoodController,getFoodListByStationFoodStoreId,51,info,false,"StationFoodController.LOGGER.info(""[Food Map Service][Get Foodlist By stationFoodStoreId]"");","StationFoodController.LOGGER.info(""[Food Map Service][Get Foodlist By stationFoodStoreId]"");",Unmodified,Not selected
ts-station-food-service/src/main/java/food/init/InitData.java,InitData,run,61,info,true,"InitData.LOGGER.info(""the foodstores.txt has format error!"");","InitData.LOGGER.info(""Invalid data format in foodstores.txt"");",Wording Change,整句重写初始化文件格式错误，保留文件名及错误语义
ts-station-food-service/src/main/java/food/init/InitData.java,InitData,run,62,error,false,InitData.LOGGER.error(e.getMessage());,InitData.LOGGER.error(e.getMessage());,Unmodified,Dynamic or concatenated message; retain expression and evaluation semantics
ts-station-food-service/src/main/java/food/init/InitData.java,InitData,toFoodList,90,info,false,"InitData.LOGGER.info(""s= {}"", s);","InitData.LOGGER.info(""s= {}"", s);",Unmodified,Not selected
ts-station-food-service/src/main/java/food/service/StationFoodServiceImpl.java,StationFoodServiceImpl,createFoodStore,33,error,false,"StationFoodServiceImpl.LOGGER.error(""[Init FoodStore] Already Exists Id: {}"", fs.getId());","StationFoodServiceImpl.LOGGER.error(""[Init FoodStore] Already Exists Id: {}"", fs.getId());",Unmodified,Not selected
ts-station-food-service/src/main/java/food/service/StationFoodServiceImpl.java,StationFoodServiceImpl,listFoodStores,62,error,true,"StationFoodServiceImpl.LOGGER.error(""List food stores error: {}"", ""Food store is empty"");","StationFoodServiceImpl.LOGGER.error(""Food-store listing returned no entries: {}"", ""Food store is empty"");",Combined Evolution,保留原无门店原因参数，明确列表空结果
ts-station-food-service/src/main/java/food/service/StationFoodServiceImpl.java,StationFoodServiceImpl,listFoodStoresByStationName,84,error,true,"StationFoodServiceImpl.LOGGER.error(""List food stores by station id error: {}, stationName: {}"", ""Food store is empty"", stationName);","StationFoodServiceImpl.LOGGER.error(""Station food-store lookup failed: {}; stationName={}"", ""Food store is empty"", stationName);",Combined Evolution,依据实际站名查询修正 station id 描述，原因参数仍在前
ts-station-food-service/src/main/java/food/service/StationFoodServiceImpl.java,StationFoodServiceImpl,getFoodStoresByStationNames,106,error,true,"StationFoodServiceImpl.LOGGER.error(""List food stores by station ids error: {}, stationName list: {}"", ""Food store is empty"", stationNames);","StationFoodServiceImpl.LOGGER.error(""[getFoodStoresByStationNames] Food-store query failed: {} [stationNames={}]"", ""Food store is empty"", stationNames);",Combined Evolution,修正将站名列表写成 ID 的描述，保留错误消息与列表
ts-station-food-service/src/main/java/food/service/StationFoodServiceImpl.java,StationFoodServiceImpl,getStaionFoodStoreById,115,error,false,"LOGGER.error(""no such staionFoodStoreId: {}"", id);","LOGGER.error(""no such staionFoodStoreId: {}"", id);",Unmodified,Not selected
ts-station-service/src/main/java/fdse/microservice/controller/StationController.java,StationController,create,40,info,true,"StationController.LOGGER.info(""[create][Create station][name: {}]"",station.getName());","StationController.LOGGER.info(""[create][Station creation requested][stationName: {}]"",station.getName());",Combined Evolution,明确新增请求时态并规范站名标签
ts-station-service/src/main/java/fdse/microservice/controller/StationController.java,StationController,update,46,info,false,"StationController.LOGGER.info(""[update][Update station][StationId: {}]"",station.getId());","StationController.LOGGER.info(""[update][Update station][StationId: {}]"",station.getId());",Unmodified,Not selected
ts-station-service/src/main/java/fdse/microservice/controller/StationController.java,StationController,delete,52,info,true,"StationController.LOGGER.info(""[delete][Delete station][StationId: {}]"",stationsId);","StationController.LOGGER.info(""Station {}: deletion request received"",stationsId);",Combined Evolution,把站点标识放入删除请求句，未报告删除成功
ts-station-service/src/main/java/fdse/microservice/controller/StationController.java,StationController,queryForStationId,63,info,false,"StationController.LOGGER.info(""[queryForId][Query for station id][StationName: {}]"",stationName);","StationController.LOGGER.info(""[queryForId][Query for station id][StationName: {}]"",stationName);",Unmodified,Not selected
ts-station-service/src/main/java/fdse/microservice/controller/StationController.java,StationController,queryForIdBatch,71,info,false,"StationController.LOGGER.info(""[queryForIdBatch][Query stations for id batch][StationNameNumbers: {}]"",stationNameList.size());","StationController.LOGGER.info(""[queryForIdBatch][Query stations for id batch][StationNameNumbers: {}]"",stationNameList.size());",Unmodified,Not selected
ts-station-service/src/main/java/fdse/microservice/controller/StationController.java,StationController,queryById,80,info,false,"StationController.LOGGER.info(""[queryById][Query stations By Id][Id: {}]"", stationId);","StationController.LOGGER.info(""[queryById][Query stations By Id][Id: {}]"", stationId);",Unmodified,Not selected
ts-station-service/src/main/java/fdse/microservice/controller/StationController.java,StationController,queryForNameBatch,89,info,false,"StationController.LOGGER.info(""[queryByIdBatch][Query stations for name batch][StationIdNumbers: {}]"",stationIdList.size());","StationController.LOGGER.info(""[queryByIdBatch][Query stations for name batch][StationIdNumbers: {}]"",stationIdList.size());",Unmodified,Not selected
ts-station-service/src/main/java/fdse/microservice/service/StationServiceImpl.java,StationServiceImpl,create,28,error,false,"StationServiceImpl.LOGGER.error(""[create][Create station error][Name not specify]"");","StationServiceImpl.LOGGER.error(""[create][Create station error][Name not specify]"");",Unmodified,Not selected
ts-station-service/src/main/java/fdse/microservice/service/StationServiceImpl.java,StationServiceImpl,create,36,error,false,"StationServiceImpl.LOGGER.error(""[create][Create station error][Already exists][StationId: {}]"",station.getId());","StationServiceImpl.LOGGER.error(""[create][Create station error][Already exists][StationId: {}]"",station.getId());",Unmodified,Not selected
ts-station-service/src/main/java/fdse/microservice/service/StationServiceImpl.java,StationServiceImpl,update,55,error,true,"StationServiceImpl.LOGGER.error(""[update][Update station error][Station not found][StationId: {}]"",info.getId());","StationServiceImpl.LOGGER.error(""[update] No station exists for stationId={}; update failed"",info.getId());",Combined Evolution,合并站点缺失与修改失败原因
ts-station-service/src/main/java/fdse/microservice/service/StationServiceImpl.java,StationServiceImpl,delete,74,error,false,"StationServiceImpl.LOGGER.error(""[delete][Delete station error][Station not found][StationId: {}]"",stationsId);","StationServiceImpl.LOGGER.error(""[delete][Delete station error][Station not found][StationId: {}]"",stationsId);",Unmodified,Not selected
ts-station-service/src/main/java/fdse/microservice/service/StationServiceImpl.java,StationServiceImpl,query,84,warn,false,"StationServiceImpl.LOGGER.warn(""[query][Query stations warn][Find all stations: {}]"",""No content"");","StationServiceImpl.LOGGER.warn(""[query][Query stations warn][Find all stations: {}]"",""No content"");",Unmodified,Not selected
ts-station-service/src/main/java/fdse/microservice/service/StationServiceImpl.java,StationServiceImpl,queryForId,96,warn,false,"StationServiceImpl.LOGGER.warn(""[queryForId][Find station id warn][Station not found][StationName: {}]"",stationName);","StationServiceImpl.LOGGER.warn(""[queryForId][Find station id warn][Station not found][StationName: {}]"",stationName);",Unmodified,Not selected
ts-station-service/src/main/java/fdse/microservice/service/StationServiceImpl.java,StationServiceImpl,queryForIdBatch,118,warn,false,"StationServiceImpl.LOGGER.warn(""[queryForIdBatch][Find station ids warn][Stations not found][StationNameNumber: {}]"",nameList.size());","StationServiceImpl.LOGGER.warn(""[queryForIdBatch][Find station ids warn][Stations not found][StationNameNumber: {}]"",nameList.size());",Unmodified,Not selected
ts-station-service/src/main/java/fdse/microservice/service/StationServiceImpl.java,StationServiceImpl,queryById,130,error,true,"StationServiceImpl.LOGGER.error(""[queryById][Find station name error][Station not found][StationId: {}]"",stationId);","StationServiceImpl.LOGGER.error(""[queryById][Cannot resolve station name: unknown station ID][stationId={}]"",stationId);",Combined Evolution,说明站点 ID 不存在导致站名查询失败
ts-station-service/src/main/java/fdse/microservice/service/StationServiceImpl.java,StationServiceImpl,queryByIdBatch,149,error,false,"StationServiceImpl.LOGGER.error(""[queryByIdBatch][Find station names error][Stations not found][StationIdNumber: {}]"",idList.size());","StationServiceImpl.LOGGER.error(""[queryByIdBatch][Find station names error][Stations not found][StationIdNumber: {}]"",idList.size());",Unmodified,Not selected
ts-train-food-service/src/main/java/trainFood/controller/TrainFoodController.java,TrainFoodController,getAllTrainFood,30,info,false,"TrainFoodController.LOGGER.info(""[Food Map Service][Get All TrainFoods]"");","TrainFoodController.LOGGER.info(""[Food Map Service][Get All TrainFoods]"");",Unmodified,Not selected
ts-train-food-service/src/main/java/trainFood/controller/TrainFoodController.java,TrainFoodController,getTrainFoodOfTrip,37,info,true,"TrainFoodController.LOGGER.info(""[Food Map Service][Get TrainFoods By TripId]"");","TrainFoodController.LOGGER.info(""[getTrainFoodOfTrip][Train-food lookup requested for a trip]"");",Combined Evolution,根据 Controller 方法明确按车次查询列车餐食
ts-train-food-service/src/main/java/trainFood/init/InitData.java,InitData,run,46,info,false,"InitData.LOGGER.info(""the trainfood.txt has format error!"");","InitData.LOGGER.info(""the trainfood.txt has format error!"");",Unmodified,Not selected
ts-train-food-service/src/main/java/trainFood/init/InitData.java,InitData,run,47,error,false,InitData.LOGGER.error(e.getMessage());,InitData.LOGGER.error(e.getMessage());,Unmodified,Dynamic or concatenated message; retain expression and evaluation semantics
ts-train-food-service/src/main/java/trainFood/init/InitData.java,InitData,toFoodList,53,info,true,"InitData.LOGGER.info(""s= {}"", s);","InitData.LOGGER.info(""Food-list source text: {}"", s);",Combined Evolution,根据 toFoodList 的输入解析用途澄清泛化变量 s 标签
ts-train-food-service/src/main/java/trainFood/service/TrainFoodServiceImpl.java,TrainFoodServiceImpl,createTrainFood,30,error,false,"TrainFoodServiceImpl.LOGGER.error(""[Init TrainFood] Already Exists TripId: {}"", tf.getTripId());","TrainFoodServiceImpl.LOGGER.error(""[Init TrainFood] Already Exists TripId: {}"", tf.getTripId());",Unmodified,Not selected
ts-train-food-service/src/main/java/trainFood/service/TrainFoodServiceImpl.java,TrainFoodServiceImpl,listTrainFood,47,error,false,"TrainFoodServiceImpl.LOGGER.error(""List train food error: {}"", noContent);","TrainFoodServiceImpl.LOGGER.error(""List train food error: {}"", noContent);",Unmodified,Not selected
ts-train-service/src/main/java/train/controller/TrainController.java,TrainController,create,36,info,false,"TrainController.LOGGER.info(""[create][Create train][TrainTypeId: {}]"",trainType.getId());","TrainController.LOGGER.info(""[create][Create train][TrainTypeId: {}]"",trainType.getId());",Unmodified,Not selected
ts-train-service/src/main/java/train/controller/TrainController.java,TrainController,retrieve,48,info,false,"TrainController.LOGGER.info(""[retrieve][Retrieve train][TrainTypeId: {}]"",id);","TrainController.LOGGER.info(""[retrieve][Retrieve train][TrainTypeId: {}]"",id);",Unmodified,Not selected
ts-train-service/src/main/java/train/controller/TrainController.java,TrainController,retrieveByName,60,info,false,"TrainController.LOGGER.info(""[retrieveByName][Retrieve train][TrainTypeName: {}]"", name);","TrainController.LOGGER.info(""[retrieveByName][Retrieve train][TrainTypeName: {}]"", name);",Unmodified,Not selected
ts-train-service/src/main/java/train/controller/TrainController.java,TrainController,retrieveByName,72,info,false,"TrainController.LOGGER.info(""[retrieveByNames][Retrieve train][TrainTypeNames: {}]"", names);","TrainController.LOGGER.info(""[retrieveByNames][Retrieve train][TrainTypeNames: {}]"", names);",Unmodified,Not selected
ts-train-service/src/main/java/train/controller/TrainController.java,TrainController,update,84,info,false,"TrainController.LOGGER.info(""[update][Update train][TrainTypeId: {}]"",trainType.getId());","TrainController.LOGGER.info(""[update][Update train][TrainTypeId: {}]"",trainType.getId());",Unmodified,Not selected
ts-train-service/src/main/java/train/controller/TrainController.java,TrainController,delete,96,info,false,"TrainController.LOGGER.info(""[delete][Delete train][TrainTypeId: {}]"",id);","TrainController.LOGGER.info(""[delete][Delete train][TrainTypeId: {}]"",id);",Unmodified,Not selected
ts-train-service/src/main/java/train/controller/TrainController.java,TrainController,query,108,info,false,"TrainController.LOGGER.info(""[query][Query train]"");","TrainController.LOGGER.info(""[query][Query train]"");",Unmodified,Not selected
ts-train-service/src/main/java/train/service/TrainServiceImpl.java,TrainServiceImpl,create,26,error,false,"TrainServiceImpl.LOGGER.error(""[create][Create train error][Train Type name not specified]"");","TrainServiceImpl.LOGGER.error(""[create][Create train error][Train Type name not specified]"");",Unmodified,Not selected
ts-train-service/src/main/java/train/service/TrainServiceImpl.java,TrainServiceImpl,create,36,error,true,"TrainServiceImpl.LOGGER.error(""[create][Create train error][Train already exists][TrainTypeId: {}]"",trainType.getId());","TrainServiceImpl.LOGGER.error(""Train type {} already exists; creation rejected"",trainType.getId());",Combined Evolution,将重复车型作为创建失败原因，保留车型 ID
ts-train-service/src/main/java/train/service/TrainServiceImpl.java,TrainServiceImpl,retrieve,44,error,true,"TrainServiceImpl.LOGGER.error(""[retrieve][Retrieve train error][Train not found][TrainTypeId: {}]"",id);","TrainServiceImpl.LOGGER.error(""[retrieve][Train type not found][trainTypeId: {}]"",id);",Combined Evolution,合并查询失败及缺失车型标签，规范 ID
ts-train-service/src/main/java/train/service/TrainServiceImpl.java,TrainServiceImpl,retrieveByName,55,error,false,"TrainServiceImpl.LOGGER.error(""[retrieveByName][RetrieveByName error][Train not found][TrainTypeName: {}]"", name);","TrainServiceImpl.LOGGER.error(""[retrieveByName][RetrieveByName error][Train not found][TrainTypeName: {}]"", name);",Unmodified,Not selected
ts-train-service/src/main/java/train/service/TrainServiceImpl.java,TrainServiceImpl,retrieveByNames,66,error,false,"TrainServiceImpl.LOGGER.error(""[retrieveByNames][RetrieveByNames error][Train not found][TrainTypeNames: {}]"", names);","TrainServiceImpl.LOGGER.error(""[retrieveByNames][RetrieveByNames error][Train not found][TrainTypeNames: {}]"", names);",Unmodified,Not selected
ts-train-service/src/main/java/train/service/TrainServiceImpl.java,TrainServiceImpl,update,84,error,true,"TrainServiceImpl.LOGGER.error(""[update][Update train error][Train not found][TrainTypeId: {}]"",trainType.getId());","TrainServiceImpl.LOGGER.error(""[update] Cannot update missing train type {}"",trainType.getId());",Combined Evolution,自然表达不存在的车型无法修改
ts-train-service/src/main/java/train/service/TrainServiceImpl.java,TrainServiceImpl,delete,97,error,true,"TrainServiceImpl.LOGGER.error(""[delete][Delete train error][Train not found][TrainTypeId: {}]"",id);","TrainServiceImpl.LOGGER.error(""Train-type deletion failed (id={}): no matching record"",id);",Combined Evolution,保留删除目标不存在的原因和车型标识
ts-travel-plan-service/src/main/java/travelplan/controller/TravelPlanController.java,TravelPlanController,getTransferResult,34,info,true,"TravelPlanController.LOGGER.info(""[getTransferSearch][Search Transit][start: {},end: {}]"",info.getStartStation(),info.getEndStation());","TravelPlanController.LOGGER.info(""[getTransferResult] Transfer search requested: {} -> {}"",info.getStartStation(),info.getEndStation());",Combined Evolution,依据中转查询入口使用实际方法名及起终点路线表达
ts-travel-plan-service/src/main/java/travelplan/controller/TravelPlanController.java,TravelPlanController,getByCheapest,40,info,true,"TravelPlanController.LOGGER.info(""[getCheapest][Search Cheapest][start: {},end: {},time: {}]"",queryInfo.getStartPlace(),queryInfo.getEndPlace(),queryInfo.getDepartureTime());","TravelPlanController.LOGGER.info(""Cheapest-trip request from {} to {} at {}"",queryInfo.getStartPlace(),queryInfo.getEndPlace(),queryInfo.getDepartureTime());",Combined Evolution,自然描述最低价车次查询请求，原参数顺序不变
ts-travel-plan-service/src/main/java/travelplan/controller/TravelPlanController.java,TravelPlanController,getByQuickest,46,info,false,"TravelPlanController.LOGGER.info(""[getQuickest][Search Quickest][start: {},end: {},time: {}]"",queryInfo.getStartPlace(),queryInfo.getEndPlace(),queryInfo.getDepartureTime());","TravelPlanController.LOGGER.info(""[getQuickest][Search Quickest][start: {},end: {},time: {}]"",queryInfo.getStartPlace(),queryInfo.getEndPlace(),queryInfo.getDepartureTime());",Unmodified,Not selected
ts-travel-plan-service/src/main/java/travelplan/controller/TravelPlanController.java,TravelPlanController,getByMinStation,52,info,true,"TravelPlanController.LOGGER.info(""[getMinStation][Search Min Station][start: {},end: {},time: {}]"",queryInfo.getStartPlace(),queryInfo.getEndPlace(),queryInfo.getDepartureTime());","TravelPlanController.LOGGER.info(""[getByMinStation][Fewest-stop trip search][from={}, to={}, departureTime={}]"",queryInfo.getStartPlace(),queryInfo.getEndPlace(),queryInfo.getDepartureTime());",Combined Evolution,明确最少停站查询与出发时间标签
ts-travel-plan-service/src/main/java/travelplan/service/TravelPlanServiceImpl.java,TravelPlanServiceImpl,getCheapest,129,warn,false,"TravelPlanServiceImpl.LOGGER.warn(""[getCheapest][Get cheapest trip warn][Route Plan Result Units: {}]"",""No Content"");","TravelPlanServiceImpl.LOGGER.warn(""[getCheapest][Get cheapest trip warn][Route Plan Result Units: {}]"",""No Content"");",Unmodified,Not selected
ts-travel-plan-service/src/main/java/travelplan/service/TravelPlanServiceImpl.java,TravelPlanServiceImpl,getQuickest,177,warn,true,"TravelPlanServiceImpl.LOGGER.warn(""[getQuickest][Get quickest trip warn][Route Plan Result Units: {}]"",""No Content"");","TravelPlanServiceImpl.LOGGER.warn(""[getQuickest] No quickest-trip options returned; detail={}"",""No Content"");",Combined Evolution,明确最短耗时路线查询无结果，保留 No Content 参数
ts-travel-plan-service/src/main/java/travelplan/service/TravelPlanServiceImpl.java,TravelPlanServiceImpl,getMinStation,225,warn,false,"TravelPlanServiceImpl.LOGGER.warn(""[getMinStation][Get min stations trip warn][Route Plan Result Units: {}]"",""No Content"");","TravelPlanServiceImpl.LOGGER.warn(""[getMinStation][Get min stations trip warn][Route Plan Result Units: {}]"",""No Content"");",Unmodified,Not selected
ts-travel-plan-service/src/main/java/travelplan/service/TravelPlanServiceImpl.java,TravelPlanServiceImpl,getRestTicketNumber,241,info,true,"TravelPlanServiceImpl.LOGGER.info(""[getRestTicketNumber][Seat Request][Seat Request is: {}]"", seatRequest.toString());","TravelPlanServiceImpl.LOGGER.info(""[getRestTicketNumber][Remaining-seat query][request: {}]"", seatRequest.toString());",Combined Evolution,合并重复 Seat Request 标签并说明查询用途
ts-travel-service/src/main/java/travel/controller/TravelController.java,TravelController,getTrainTypeByTripId,46,info,false,"TravelController.LOGGER.info(""[getTrainTypeByTripId][Get train Type by Trip id][TripId: {}]"", tripId);","TravelController.LOGGER.info(""[getTrainTypeByTripId][Get train Type by Trip id][TripId: {}]"", tripId);",Unmodified,Not selected
ts-travel-service/src/main/java/travel/controller/TravelController.java,TravelController,getRouteByTripId,53,info,false,"TravelController.LOGGER.info(""[getRouteByTripId][Get Route By Trip ID][TripId: {}]"", tripId);","TravelController.LOGGER.info(""[getRouteByTripId][Get Route By Trip ID][TripId: {}]"", tripId);",Unmodified,Not selected
ts-travel-service/src/main/java/travel/controller/TravelController.java,TravelController,getTripsByRouteId,62,info,true,"TravelController.LOGGER.info(""[getTripByRoute][Get Trips by Route ids][RouteIds: {}]"", routeIds.size());","TravelController.LOGGER.info(""Trip lookup requested for {} route IDs (getTripsByRouteId)"", routeIds.size());",Combined Evolution,依据 routeIds.size 明确参数是 ID 数量而非列表
ts-travel-service/src/main/java/travel/controller/TravelController.java,TravelController,createTrip,70,info,true,"TravelController.LOGGER.info(""[create][Create trip][TripId: {}]"", routeIds.getTripId());","TravelController.LOGGER.info(""[createTrip] Trip creation request received; tripId={}"", routeIds.getTripId());",Combined Evolution,使用真实方法名及创建请求时态，保留车次标识
ts-travel-service/src/main/java/travel/controller/TravelController.java,TravelController,retrieve,85,info,false,"TravelController.LOGGER.info(""[retrieve][Retrieve trip][TripId: {}]"", tripId);","TravelController.LOGGER.info(""[retrieve][Retrieve trip][TripId: {}]"", tripId);",Unmodified,Not selected
ts-travel-service/src/main/java/travel/controller/TravelController.java,TravelController,updateTrip,93,info,true,"TravelController.LOGGER.info(""[update][Update trip][TripId: {}]"", info.getTripId());","TravelController.LOGGER.info(""[updateTrip][Trip changes requested][tripId: {}]"", info.getTripId());",Combined Evolution,根据实际 Controller 入口明确修改请求并规范字段
ts-travel-service/src/main/java/travel/controller/TravelController.java,TravelController,deleteTrip,101,info,false,"TravelController.LOGGER.info(""[delete][Delete trip][TripId: {}]"", tripId);","TravelController.LOGGER.info(""[delete][Delete trip][TripId: {}]"", tripId);",Unmodified,Not selected
ts-travel-service/src/main/java/travel/controller/TravelController.java,TravelController,queryInfo,118,info,true,"TravelController.LOGGER.info(""[query][Travel Query Fail][Something null]"");","TravelController.LOGGER.info(""[query] Travel query rejected: origin, destination or departure time is missing"");",Combined Evolution,依据三个输入条件澄清原 Something null，保留或关系
ts-travel-service/src/main/java/travel/controller/TravelController.java,TravelController,queryInfo,122,info,true,"TravelController.LOGGER.info(""[query][Query TripResponse]"");","TravelController.LOGGER.info(""Requesting trip responses through the batch query (queryInfo)"");",Combined Evolution,根据 queryByBatch 调用说明请求下一步处理方式
ts-travel-service/src/main/java/travel/controller/TravelController.java,TravelController,queryInfoInparallel,139,info,true,"TravelController.LOGGER.info(""[queryInParallel][Travel Query Fail][Something null]"");","TravelController.LOGGER.info(""[queryInParallel][Missing required travel input: start, end or departure time]"");",Combined Evolution,合并失败与空输入标签，明确所缺字段范围但不猜测具体哪项
ts-travel-service/src/main/java/travel/controller/TravelController.java,TravelController,queryInfoInparallel,143,info,false,"TravelController.LOGGER.info(""[queryInParallel][Query TripResponse]"");","TravelController.LOGGER.info(""[queryInParallel][Query TripResponse]"");",Unmodified,Not selected
ts-travel-service/src/main/java/travel/controller/TravelController.java,TravelController,getTripAllDetailInfo,159,info,false,"TravelController.LOGGER.info(""[getTripAllDetailInfo][Get trip detail][TripId: {}]"", gtdi.getTripId());","TravelController.LOGGER.info(""[getTripAllDetailInfo][Get trip detail][TripId: {}]"", gtdi.getTripId());",Unmodified,Not selected
ts-travel-service/src/main/java/travel/controller/TravelController.java,TravelController,queryAll,167,info,false,"TravelController.LOGGER.info(""[queryAll][Query all trips]"");","TravelController.LOGGER.info(""[queryAll][Query all trips]"");",Unmodified,Not selected
ts-travel-service/src/main/java/travel/controller/TravelController.java,TravelController,adminQueryAll,175,info,false,"TravelController.LOGGER.info(""[adminQueryAll][Admin query all trips]"");","TravelController.LOGGER.info(""[adminQueryAll][Admin query all trips]"");",Unmodified,Not selected
ts-travel-service/src/main/java/travel/service/TravelServiceImpl.java,TravelServiceImpl,create,68,error,false,"TravelServiceImpl.LOGGER.error(""[create][Create trip error][Trip already exists][TripId: {}]"", info.getTripId());","TravelServiceImpl.LOGGER.error(""[create][Create trip error][Trip already exists][TripId: {}]"", info.getTripId());",Unmodified,Not selected
ts-travel-service/src/main/java/travel/service/TravelServiceImpl.java,TravelServiceImpl,getRouteByTripId,82,error,true,"TravelServiceImpl.LOGGER.error(""[getRouteByTripId][Get route by Trip id error][Trip not found][TripId: {}]"", tripId);","TravelServiceImpl.LOGGER.error(""[getRouteByTripId] Cannot resolve a route for missing trip {}"", tripId);",Combined Evolution,保留车次缺失导致路线解析失败的原因
ts-travel-service/src/main/java/travel/service/TravelServiceImpl.java,TravelServiceImpl,getRouteByTripId,88,error,true,"TravelServiceImpl.LOGGER.error(""[getRouteByTripId][Get route by Trip id error][Route not found][TripId: {}]"", tripId);","TravelServiceImpl.LOGGER.error(""Route not found for trip {} (getRouteByTripId)"", tripId);",Combined Evolution,明确缺失的是车次关联路线，保留车次 ID 参数
ts-travel-service/src/main/java/travel/service/TravelServiceImpl.java,TravelServiceImpl,getTrainTypeByTripId,101,error,true,"TravelServiceImpl.LOGGER.error(""[getTrainTypeByTripId][Get Train Type by Trip id error][Trip not found][TripId: {}]"", tripId);","TravelServiceImpl.LOGGER.error(""[getTrainTypeByTripId][Train-type lookup failed: trip not found][tripId={}]"", tripId);",Combined Evolution,保留车型查询失败源于车次缺失的原因
ts-travel-service/src/main/java/travel/service/TravelServiceImpl.java,TravelServiceImpl,getTrainTypeByTripId,106,error,true,"TravelServiceImpl.LOGGER.error(""[getTrainTypeByTripId][Get Train Type by Trip id error][Train Type not found][TripId: {}]"", tripId);","TravelServiceImpl.LOGGER.error(""[getTrainTypeByTripId] No train type available (tripId={})"", tripId);",Combined Evolution,区分车型缺失与车次标识，未混淆两个业务概念
ts-travel-service/src/main/java/travel/service/TravelServiceImpl.java,TravelServiceImpl,getTripByRoute,124,warn,false,"TravelServiceImpl.LOGGER.warn(""[getTripByRoute][Get trips by routes warn][Trip list][{}]"", ""No content"");","TravelServiceImpl.LOGGER.warn(""[getTripByRoute][Get trips by routes warn][Trip list][{}]"", ""No content"");",Unmodified,Not selected
ts-travel-service/src/main/java/travel/service/TravelServiceImpl.java,TravelServiceImpl,retrieve,137,error,false,"TravelServiceImpl.LOGGER.error(""[retrieve][Retrieve trip error][Trip not found][TripId: {}]"", tripId);","TravelServiceImpl.LOGGER.error(""[retrieve][Retrieve trip error][Trip not found][TripId: {}]"", tripId);",Unmodified,Not selected
ts-travel-service/src/main/java/travel/service/TravelServiceImpl.java,TravelServiceImpl,update,157,error,false,"TravelServiceImpl.LOGGER.error(""[update][Update trip error][Trip not found][TripId: {}]"", info.getTripId());","TravelServiceImpl.LOGGER.error(""[update][Update trip error][Trip not found][TripId: {}]"", info.getTripId());",Unmodified,Not selected
ts-travel-service/src/main/java/travel/service/TravelServiceImpl.java,TravelServiceImpl,delete,170,error,true,"TravelServiceImpl.LOGGER.error(""[delete][Delete trip error][Trip not found][TripId: {}]"", tripId);","TravelServiceImpl.LOGGER.error(""Trip {} cannot be deleted because it does not exist"", tripId);",Combined Evolution,以直接句说明删除车次失败的原因
ts-travel-service/src/main/java/travel/service/TravelServiceImpl.java,TravelServiceImpl,query,192,warn,true,"TravelServiceImpl.LOGGER.warn(""[query][Query trip error][Tickets not found][start: {},end: {},time: {}]"", startPlaceName, endPlaceName, info.getDepartureTime());","TravelServiceImpl.LOGGER.warn(""[query][No ticket result] {} -> {}, departureTime={}"", startPlaceName, endPlaceName, info.getDepartureTime());",Combined Evolution,保留单次票务查询无结果，按原序呈现起点终点时间
ts-travel-service/src/main/java/travel/service/TravelServiceImpl.java,MyCallable,call,237,debug,true,"TravelServiceImpl.LOGGER.debug(""[call][Start to query][tripId: {}, routeId: {}] "", tempTrip.getTripId().toString(), tempTrip.getRouteId());","TravelServiceImpl.LOGGER.debug(""[call] Starting trip query [tripId={}, routeId={}]"", tempTrip.getTripId().toString(), tempTrip.getRouteId());",Combined Evolution,保留异步任务开始阶段及车次路线两个字段
ts-travel-service/src/main/java/travel/service/TravelServiceImpl.java,MyCallable,call,248,warn,true,"TravelServiceImpl.LOGGER.warn(""[call][Query trip error][Tickets not found][tripId: {}, routeId: {}, start: {}, end: {},time: {}]"", tempTrip.getTripId().toString(), tempTrip.getRouteId(), startPlaceName, endPlaceName, info.getDepartureTime());","TravelServiceImpl.LOGGER.warn(""[call][No ticket result][tripId={}, routeId={}, from={}, to={}, departureTime={}]"", tempTrip.getTripId().toString(), tempTrip.getRouteId(), startPlaceName, endPlaceName, info.getDepartureTime());",Combined Evolution,保留五个参数原序，明确任务未获得票务结果
ts-travel-service/src/main/java/travel/service/TravelServiceImpl.java,MyCallable,call,250,info,true,"TravelServiceImpl.LOGGER.info(""[call][Query trip success][tripId: {}, routeId: {}] "", tempTrip.getTripId().toString(), tempTrip.getRouteId());","TravelServiceImpl.LOGGER.info(""Trip {} query succeeded on route {} [call]"", tempTrip.getTripId().toString(), tempTrip.getRouteId());",Combined Evolution,把车次和路线融入成功结果句，后置异步任务方法名
ts-travel-service/src/main/java/travel/service/TravelServiceImpl.java,TravelServiceImpl,queryInParallel,284,error,false,"TravelServiceImpl.LOGGER.error(""[queryInParallel][Query error]""+e.toString());","TravelServiceImpl.LOGGER.error(""[queryInParallel][Query error]""+e.toString());",Unmodified,Dynamic or concatenated message; retain expression and evaluation semantics
ts-travel-service/src/main/java/travel/service/TravelServiceImpl.java,TravelServiceImpl,getTripAllDetailInfo,298,debug,false,"TravelServiceImpl.LOGGER.debug(""[getTripAllDetailInfo][TripId: {}]"", gtdi.getTripId());","TravelServiceImpl.LOGGER.debug(""[getTripAllDetailInfo][TripId: {}]"", gtdi.getTripId());",Unmodified,Not selected
ts-travel-service/src/main/java/travel/service/TravelServiceImpl.java,TravelServiceImpl,getTripAllDetailInfo,303,error,false,"TravelServiceImpl.LOGGER.error(""[getTripAllDetailInfo][Get trip detail error][Trip not found][TripId: {}]"", gtdi.getTripId());","TravelServiceImpl.LOGGER.error(""[getTripAllDetailInfo][Get trip detail error][Trip not found][TripId: {}]"", gtdi.getTripId());",Unmodified,Not selected
ts-travel-service/src/main/java/travel/service/TravelServiceImpl.java,TravelServiceImpl,getTripAllDetailInfo,312,warn,true,"TravelServiceImpl.LOGGER.warn(""[getTripAllDetailInfo][Get trip detail error][Tickets not found][start: {},end: {},time: {}]"", startPlaceName, endPlaceName, gtdi.getTravelDate());","TravelServiceImpl.LOGGER.warn(""[getTripAllDetailInfo] Ticket lookup failed for {} -> {} on {}"", startPlaceName, endPlaceName, gtdi.getTravelDate());",Combined Evolution,将查询不到票的原因与起终点日期合并
ts-travel-service/src/main/java/travel/service/TravelServiceImpl.java,TravelServiceImpl,getTicketsByBatch,326,info,false,"TravelServiceImpl.LOGGER.info(""[getTickets][depaturetime not vailid][departuretime: {}]"", departureTime);","TravelServiceImpl.LOGGER.info(""[getTickets][depaturetime not vailid][departuretime: {}]"", departureTime);",Unmodified,Not selected
ts-travel-service/src/main/java/travel/service/TravelServiceImpl.java,TravelServiceImpl,getTicketsByBatch,343,info,false,"TravelServiceImpl.LOGGER.info(""[getTicketsByBatch][before get basic][trips: {}]"", trips);","TravelServiceImpl.LOGGER.info(""[getTicketsByBatch][before get basic][trips: {}]"", trips);",Unmodified,Not selected
ts-travel-service/src/main/java/travel/service/TravelServiceImpl.java,TravelServiceImpl,getTicketsByBatch,355,info,true,"TravelServiceImpl.LOGGER.info(""[getTicketsByBatch][Ts-basic-service response status is 0][response is: {}]"", r);","TravelServiceImpl.LOGGER.info(""[getTicketsByBatch][Basic service returned status 0][response={}]"", r);",Combined Evolution,保留明确状态 0 和完整响应，精简服务名措辞
ts-travel-service/src/main/java/travel/service/TravelServiceImpl.java,TravelServiceImpl,getTicketsByBatch,363,warn,true,"TravelServiceImpl.LOGGER.warn(""[getTicketsByBatch][Ts-basic-service convert data failed][Fail msg: {}]"", e.getMessage());","TravelServiceImpl.LOGGER.warn(""Cannot decode basic-service batch data: {}"", e.getMessage());",Combined Evolution,根据 readValue 的异常分支明确批量数据转换失败
ts-travel-service/src/main/java/travel/service/TravelServiceImpl.java,TravelServiceImpl,getTickets,383,info,true,"TravelServiceImpl.LOGGER.info(""[getTickets][depaturetime not vailid][departuretime: {}]"", departureTime);","TravelServiceImpl.LOGGER.info(""[getTickets][Departure date rejected by date validation][departureTime: {}]"", departureTime);",Combined Evolution,依据 afterToday 校验失败说明日期不合法并修正拼写
ts-travel-service/src/main/java/travel/service/TravelServiceImpl.java,TravelServiceImpl,getTickets,392,info,false,"TravelServiceImpl.LOGGER.info(""[getTickets][before get basic][trip: {}]"", trip);","TravelServiceImpl.LOGGER.info(""[getTickets][before get basic][trip: {}]"", trip);",Unmodified,Not selected
ts-travel-service/src/main/java/travel/service/TravelServiceImpl.java,TravelServiceImpl,getTickets,404,info,true,"TravelServiceImpl.LOGGER.info(""[getTickets][Ts-basic-service response status is 0][response is: {}]"", r);","TravelServiceImpl.LOGGER.info(""Basic-service ticket lookup returned status 0: {} (getTickets)"", r);",Combined Evolution,将单次查询失败状态和完整响应合并表达
ts-travel-service/src/main/java/travel/service/TravelServiceImpl.java,TravelServiceImpl,setResponse,451,info,false,"TravelServiceImpl.LOGGER.info(""[getTickets][Calculate distance][calculate time：{}  time: {}]"", minutesStart, calendarStart.getTime());","TravelServiceImpl.LOGGER.info(""[getTickets][Calculate distance][calculate time：{}  time: {}]"", minutesStart, calendarStart.getTime());",Unmodified,Not selected
ts-travel-service/src/main/java/travel/service/TravelServiceImpl.java,TravelServiceImpl,setResponse,457,info,false,"TravelServiceImpl.LOGGER.info(""[getTickets][Calculate distance][calculate time：{}  time: {}]"", minutesEnd, calendarEnd.getTime());","TravelServiceImpl.LOGGER.info(""[getTickets][Calculate distance][calculate time：{}  time: {}]"", minutesEnd, calendarEnd.getTime());",Unmodified,Not selected
ts-travel-service/src/main/java/travel/service/TravelServiceImpl.java,TravelServiceImpl,queryAll,471,info,false,"TravelServiceImpl.LOGGER.info(""[queryAll][Query all trips:][{}]"", ""tripList"");","TravelServiceImpl.LOGGER.info(""[queryAll][Query all trips:][{}]"", ""tripList"");",Unmodified,Not selected
ts-travel-service/src/main/java/travel/service/TravelServiceImpl.java,TravelServiceImpl,queryAll,474,warn,true,"TravelServiceImpl.LOGGER.warn(""[queryAll][Query all trips warn][{}]"", ""No Content"");","TravelServiceImpl.LOGGER.warn(""[queryAll] No trips available; detail={}"", ""No Content"");",Combined Evolution,保留 No Content 参数，明确车次列表为空
ts-travel-service/src/main/java/travel/service/TravelServiceImpl.java,TravelServiceImpl,afterToday,486,info,true,"TravelServiceImpl.LOGGER.info(""[today date][y: {}][m:{}][d: {}]"",calDateA.get(Calendar.YEAR), calDateA.get(Calendar.MONTH), calDateA.get(Calendar.DATE));","TravelServiceImpl.LOGGER.info(""[today date][year: {}][monthIndex: {}][day: {}]"",calDateA.get(Calendar.YEAR), calDateA.get(Calendar.MONTH), calDateA.get(Calendar.DATE));",Field Label Change,只展开日期字段名，明确 Calendar.MONTH 是零起始索引
ts-travel-service/src/main/java/travel/service/TravelServiceImpl.java,TravelServiceImpl,afterToday,487,info,false,"TravelServiceImpl.LOGGER.info(""[departrue date][y: {}][m:{}][d: {}]"",calDateB.get(Calendar.YEAR), calDateB.get(Calendar.MONTH), calDateB.get(Calendar.DATE));","TravelServiceImpl.LOGGER.info(""[departrue date][y: {}][m:{}][d: {}]"",calDateB.get(Calendar.YEAR), calDateB.get(Calendar.MONTH), calDateB.get(Calendar.DATE));",Unmodified,Not selected
ts-travel-service/src/main/java/travel/service/TravelServiceImpl.java,TravelServiceImpl,getRouteByRouteId,518,info,true,"TravelServiceImpl.LOGGER.info(""[getRouteByRouteId][Get Route By Id][Route ID：{}]"", routeId);","TravelServiceImpl.LOGGER.info(""[getRouteByRouteId] Looking up routeId={}"", routeId);",Combined Evolution,修复乱码字段标签，精简重复路线查询说明
ts-travel-service/src/main/java/travel/service/TravelServiceImpl.java,TravelServiceImpl,getRouteByRouteId,529,info,true,"TravelServiceImpl.LOGGER.info(""[getRouteByRouteId][Get Route By Id][Routes Response is : {}]"", routeRes.toString());","TravelServiceImpl.LOGGER.info(""[getRouteByRouteId][Route lookup response: {}]"", routeRes.toString());",Combined Evolution,保留完整响应对象，避免提前声称查到路线
ts-travel-service/src/main/java/travel/service/TravelServiceImpl.java,TravelServiceImpl,getRouteByRouteId,532,info,false,"TravelServiceImpl.LOGGER.info(""[getRouteByRouteId][Get Route By Id][Route is: {}]"", route1.toString());","TravelServiceImpl.LOGGER.info(""[getRouteByRouteId][Get Route By Id][Route is: {}]"", route1.toString());",Unmodified,Not selected
ts-travel-service/src/main/java/travel/service/TravelServiceImpl.java,TravelServiceImpl,getRestTicketNumber,548,info,false,"TravelServiceImpl.LOGGER.info(""[getRestTicketNumber][Seat request][request: {}]"", seatRequest.toString());","TravelServiceImpl.LOGGER.info(""[getRestTicketNumber][Seat request][request: {}]"", seatRequest.toString());",Unmodified,Not selected
ts-travel-service/src/main/java/travel/service/TravelServiceImpl.java,TravelServiceImpl,getRestTicketNumber,558,info,false,"TravelServiceImpl.LOGGER.info(""[getRestTicketNumber][Get Rest tickets num][num is: {}]"", re.getBody().toString());","TravelServiceImpl.LOGGER.info(""[getRestTicketNumber][Get Rest tickets num][num is: {}]"", re.getBody().toString());",Unmodified,Not selected
ts-travel-service/src/main/java/travel/service/TravelServiceImpl.java,TravelServiceImpl,adminQueryAll,580,warn,false,"TravelServiceImpl.LOGGER.warn(""[adminQueryAll][Admin query all trips warn][{}]"", ""No Content"");","TravelServiceImpl.LOGGER.warn(""[adminQueryAll][Admin query all trips warn][{}]"", ""No Content"");",Unmodified,Not selected
ts-travel2-service/src/main/java/travel2/controller/Travel2Controller.java,Travel2Controller,getTrainTypeByTripId,39,info,true,"Travel2Controller.LOGGER.info(""[getTrainTypeByTripId][Get train by Trip id][TripId: {}]"",tripId);","Travel2Controller.LOGGER.info(""Train type lookup requested for trip {}"",tripId);",Combined Evolution,按实际接口返回类型明确查询车型，保留车次 ID
ts-travel2-service/src/main/java/travel2/controller/Travel2Controller.java,Travel2Controller,getRouteByTripId,46,info,false,"Travel2Controller.LOGGER.info(""[getRouteByTripId][Get Route By Trip ID][TripId: {}]"", tripId);","Travel2Controller.LOGGER.info(""[getRouteByTripId][Get Route By Trip ID][TripId: {}]"", tripId);",Unmodified,Not selected
ts-travel2-service/src/main/java/travel2/controller/Travel2Controller.java,Travel2Controller,getTripsByRouteId,55,info,false,"Travel2Controller.LOGGER.info(""[getTripByRoute][Get trips by Route id][RouteIdNumber: {}]"",routeIds.size());","Travel2Controller.LOGGER.info(""[getTripByRoute][Get trips by Route id][RouteIdNumber: {}]"",routeIds.size());",Unmodified,Not selected
ts-travel2-service/src/main/java/travel2/controller/Travel2Controller.java,Travel2Controller,createTrip,63,info,true,"Travel2Controller.LOGGER.info(""[create][Create trip][TripId: {}]"", routeIds.getTripId());","Travel2Controller.LOGGER.info(""[createTrip][New trip request][tripId={}]"", routeIds.getTripId());",Combined Evolution,使用实际 Controller 方法名说明新增请求
ts-travel2-service/src/main/java/travel2/controller/Travel2Controller.java,Travel2Controller,retrieve,78,info,false,"Travel2Controller.LOGGER.info(""[retrieve][Retrieve trip][TripId: {}]"",tripId);","Travel2Controller.LOGGER.info(""[retrieve][Retrieve trip][TripId: {}]"",tripId);",Unmodified,Not selected
ts-travel2-service/src/main/java/travel2/controller/Travel2Controller.java,Travel2Controller,updateTrip,86,info,false,"Travel2Controller.LOGGER.info(""[update][Update trip][TripId: {}]"",info.getTripId());","Travel2Controller.LOGGER.info(""[update][Update trip][TripId: {}]"",info.getTripId());",Unmodified,Not selected
ts-travel2-service/src/main/java/travel2/controller/Travel2Controller.java,Travel2Controller,deleteTrip,94,info,false,"Travel2Controller.LOGGER.info(""[delete][Delete trip][TripId: {}]"",tripId);","Travel2Controller.LOGGER.info(""[delete][Delete trip][TripId: {}]"",tripId);",Unmodified,Not selected
ts-travel2-service/src/main/java/travel2/controller/Travel2Controller.java,Travel2Controller,queryInfo,111,info,false,"Travel2Controller.LOGGER.info(""[query][Travel Query Fail][Something null]"");","Travel2Controller.LOGGER.info(""[query][Travel Query Fail][Something null]"");",Unmodified,Not selected
ts-travel2-service/src/main/java/travel2/controller/Travel2Controller.java,Travel2Controller,queryInfo,115,info,true,"Travel2Controller.LOGGER.info(""[query][Query TripResponse]"");","Travel2Controller.LOGGER.info(""[query] Requesting the batch trip response"");",Combined Evolution,依据 queryByBatch 调用补充批量查询阶段
ts-travel2-service/src/main/java/travel2/controller/Travel2Controller.java,Travel2Controller,getTripAllDetailInfo,129,info,true,"Travel2Controller.LOGGER.info(""[getTripAllDetailInfo][Get trip detail][TripId: {}]"",gtdi.getTripId());","Travel2Controller.LOGGER.info(""Trip {}: detailed information requested"",gtdi.getTripId());",Combined Evolution,将车次标识放在请求主题中，不断言已取得详情
ts-travel2-service/src/main/java/travel2/controller/Travel2Controller.java,Travel2Controller,queryAll,137,info,false,"Travel2Controller.LOGGER.info(""[queryAll][Query all trips]"");","Travel2Controller.LOGGER.info(""[queryAll][Query all trips]"");",Unmodified,Not selected
ts-travel2-service/src/main/java/travel2/controller/Travel2Controller.java,Travel2Controller,adminQueryAll,145,info,true,"Travel2Controller.LOGGER.info(""[adminQueryAll][Admin query all trips]"");","Travel2Controller.LOGGER.info(""[adminQueryAll][Full trip list requested by admin]"");",Wording Change,整句自然表达管理员全量车次查询入口
ts-travel2-service/src/main/java/travel2/service/TravelServiceImpl.java,TravelServiceImpl,getRouteByTripId,58,error,false,"TravelServiceImpl.LOGGER.error(""[getRouteByTripId][Get Route By Trip ID Fail][Trip Not Found][TripId: {}]"", tripId);","TravelServiceImpl.LOGGER.error(""[getRouteByTripId][Get Route By Trip ID Fail][Trip Not Found][TripId: {}]"", tripId);",Unmodified,Not selected
ts-travel2-service/src/main/java/travel2/service/TravelServiceImpl.java,TravelServiceImpl,getRouteByTripId,63,error,false,"TravelServiceImpl.LOGGER.error(""[getRouteByTripId][Get route by Trip id error][Route not found][RouteId: {}]"",trip.getRouteId());","TravelServiceImpl.LOGGER.error(""[getRouteByTripId][Get route by Trip id error][Route not found][RouteId: {}]"",trip.getRouteId());",Unmodified,Not selected
ts-travel2-service/src/main/java/travel2/service/TravelServiceImpl.java,TravelServiceImpl,getRouteByTripId,66,info,false,"TravelServiceImpl.LOGGER.info(""[getRouteByTripId][Get Route By Trip ID Success]"");","TravelServiceImpl.LOGGER.info(""[getRouteByTripId][Get Route By Trip ID Success]"");",Unmodified,Not selected
ts-travel2-service/src/main/java/travel2/service/TravelServiceImpl.java,TravelServiceImpl,getTrainTypeByTripId,82,error,true,"TravelServiceImpl.LOGGER.error(""[getTrainTypeByTripId[]Get Train Type by Trip id error][Trip not found][TripId: {}]"",tripId);","TravelServiceImpl.LOGGER.error(""[getTrainTypeByTripId] Missing trip prevents train-type lookup (tripId={})"",tripId);",Combined Evolution,修复损坏的方法括号并保留车次缺失导致失败
ts-travel2-service/src/main/java/travel2/service/TravelServiceImpl.java,TravelServiceImpl,getTrainTypeByTripId,87,error,true,"TravelServiceImpl.LOGGER.error(""[getTrainTypeByTripId][Get Train Type by Trip id error][Train Type not found][TripId: {}]"",tripId);","TravelServiceImpl.LOGGER.error(""[getTrainTypeByTripId][No train type found for trip {}]"",tripId);",Combined Evolution,将车次标识融入车型查询无结果的说明
ts-travel2-service/src/main/java/travel2/service/TravelServiceImpl.java,TravelServiceImpl,getTripByRoute,105,warn,false,"TravelServiceImpl.LOGGER.warn(""[getTripByRoute][Get Trips by Route ids warn][Trips not found][RouteIdNumber: {}]"",routeIds.size());","TravelServiceImpl.LOGGER.warn(""[getTripByRoute][Get Trips by Route ids warn][Trips not found][RouteIdNumber: {}]"",routeIds.size());",Unmodified,Not selected
ts-travel2-service/src/main/java/travel2/service/TravelServiceImpl.java,TravelServiceImpl,create,120,error,true,"TravelServiceImpl.LOGGER.error(""[getTripByRoute][Create trip error][Trip already exists][TripId: {}]"",info.getTripId());","TravelServiceImpl.LOGGER.error(""[create][Duplicate trip; creation not performed][tripId: {}]"",info.getTripId());",Combined Evolution,依据 create 方法重复车次分支更正原错误方法标签
ts-travel2-service/src/main/java/travel2/service/TravelServiceImpl.java,TravelServiceImpl,retrieve,132,error,false,"TravelServiceImpl.LOGGER.error(""[retrieve][Retrieve trip error][Trip not found][TripId: {}]"",tripId);","TravelServiceImpl.LOGGER.error(""[retrieve][Retrieve trip error][Trip not found][TripId: {}]"",tripId);",Unmodified,Not selected
ts-travel2-service/src/main/java/travel2/service/TravelServiceImpl.java,TravelServiceImpl,update,152,error,true,"TravelServiceImpl.LOGGER.error(""[update][Update trip error][Trip not found][TripId: {}]"",info.getTripId());","TravelServiceImpl.LOGGER.error(""Trip update failed: no existing tripId={}"",info.getTripId());",Combined Evolution,保留车次不存在导致更新失败的含义与级别
ts-travel2-service/src/main/java/travel2/service/TravelServiceImpl.java,TravelServiceImpl,delete,165,error,false,"TravelServiceImpl.LOGGER.error(""[delete][Delete trip error][Trip not found][TripId: {}]"",tripId);","TravelServiceImpl.LOGGER.error(""[delete][Delete trip error][Trip not found][TripId: {}]"",tripId);",Unmodified,Not selected
ts-travel2-service/src/main/java/travel2/service/TravelServiceImpl.java,TravelServiceImpl,query,203,warn,true,"TravelServiceImpl.LOGGER.warn(""[query][Query trip error][Tickets not found][start: {},end: {},time: {}]"", StartPlaceName, endPlaceName, info.getDepartureTime());","TravelServiceImpl.LOGGER.warn(""[query] No ticket response from {} to {} at {}"", StartPlaceName, endPlaceName, info.getDepartureTime());",Combined Evolution,保留单次车票查询无结果及原始起终点时间顺序
ts-travel2-service/src/main/java/travel2/service/TravelServiceImpl.java,TravelServiceImpl,getTripAllDetailInfo,215,debug,true,"TravelServiceImpl.LOGGER.debug(""[getTripAllDetailInfo][gtdi info: {}]"", gtdi.toString());","TravelServiceImpl.LOGGER.debug(""Trip-detail query input: {} (getTripAllDetailInfo)"", gtdi.toString());",Combined Evolution,依据 DTO 参数将 gtdi info 澄清为详情查询输入
ts-travel2-service/src/main/java/travel2/service/TravelServiceImpl.java,TravelServiceImpl,getTripAllDetailInfo,220,error,true,"TravelServiceImpl.LOGGER.error(""[getTripAllDetailInfo][Get trip detail error][Trip not found][TripId: {}]"",gtdi.getTripId());","TravelServiceImpl.LOGGER.error(""[getTripAllDetailInfo][Details unavailable: trip not found][tripId={}]"",gtdi.getTripId());",Combined Evolution,合并详情失败和车次缺失原因，保持车次标识
ts-travel2-service/src/main/java/travel2/service/TravelServiceImpl.java,TravelServiceImpl,getTripAllDetailInfo,229,warn,true,"TravelServiceImpl.LOGGER.warn(""[getTripAllDetailInfo][Query trip error][Tickets not found][start: {},end: {}]"", gtdi.getTo(), gtdi.getFrom());","TravelServiceImpl.LOGGER.warn(""[getTripAllDetailInfo] No tickets to {} from {}"", gtdi.getTo(), gtdi.getFrom());",Combined Evolution,按实际 getTo、getFrom 顺序写为目的地在前出发地在后，修正原标签倒置
ts-travel2-service/src/main/java/travel2/service/TravelServiceImpl.java,TravelServiceImpl,getTicketsByBatch,243,info,false,"TravelServiceImpl.LOGGER.info(""[getTickets][depaturetime not vailid][departuretime: {}]"", departureTime);","TravelServiceImpl.LOGGER.info(""[getTickets][depaturetime not vailid][departuretime: {}]"", departureTime);",Unmodified,Not selected
ts-travel2-service/src/main/java/travel2/service/TravelServiceImpl.java,TravelServiceImpl,getTicketsByBatch,260,info,true,"TravelServiceImpl.LOGGER.info(""[getTicketsByBatch][before get basic][trips: {}]"", trips);","TravelServiceImpl.LOGGER.info(""[getTicketsByBatch][Requesting basic-service trip data][trips: {}]"", trips);",Combined Evolution,依据后续 REST 请求说明批量车次数据请求去向
ts-travel2-service/src/main/java/travel2/service/TravelServiceImpl.java,TravelServiceImpl,getTicketsByBatch,272,info,false,"TravelServiceImpl.LOGGER.info(""[getTicketsByBatch][Ts-basic-service response status is 0][response is: {}]"", r);","TravelServiceImpl.LOGGER.info(""[getTicketsByBatch][Ts-basic-service response status is 0][response is: {}]"", r);",Unmodified,Not selected
ts-travel2-service/src/main/java/travel2/service/TravelServiceImpl.java,TravelServiceImpl,getTicketsByBatch,280,warn,false,"TravelServiceImpl.LOGGER.warn(""[getTicketsByBatch][Ts-basic-service convert data failed][Fail msg: {}]"", e.getMessage());","TravelServiceImpl.LOGGER.warn(""[getTicketsByBatch][Ts-basic-service convert data failed][Fail msg: {}]"", e.getMessage());",Unmodified,Not selected
ts-travel2-service/src/main/java/travel2/service/TravelServiceImpl.java,TravelServiceImpl,getTickets,320,info,false,"TravelServiceImpl.LOGGER.info(""[getTickets][Ts-basic-service response status is 0][response is: {}]"", r);","TravelServiceImpl.LOGGER.info(""[getTickets][Ts-basic-service response status is 0][response is: {}]"", r);",Unmodified,Not selected
ts-travel2-service/src/main/java/travel2/service/TravelServiceImpl.java,TravelServiceImpl,setResponse,366,info,true,"TravelServiceImpl.LOGGER.info(""[getTickets][Calculate distance][calculate time：{}  time: {}]"", minutesStart, calendarStart.getTime());","TravelServiceImpl.LOGGER.info(""[setResponse] Departure calculated with offsetMinutes={}; departureTime={}"", minutesStart, calendarStart.getTime());",Combined Evolution,依据分钟偏移和 startTime 赋值澄清计算的是发车时间
ts-travel2-service/src/main/java/travel2/service/TravelServiceImpl.java,TravelServiceImpl,setResponse,372,info,true,"TravelServiceImpl.LOGGER.info(""[getTickets][Calculate distance][calculate time：{}  time: {}]"", minutesEnd, calendarEnd.getTime());","TravelServiceImpl.LOGGER.info(""Calculated arrival: offsetMinutes={}, arrivalTime={}"", minutesEnd, calendarEnd.getTime());",Combined Evolution,依据 minutesEnd 和 endTime 赋值说明到达时间，保留偏移在前
ts-travel2-service/src/main/java/travel2/service/TravelServiceImpl.java,TravelServiceImpl,queryAll,388,warn,false,"TravelServiceImpl.LOGGER.warn(""[queryAll][Query all trips warn][{}]"",""No Content"");","TravelServiceImpl.LOGGER.warn(""[queryAll][Query all trips warn][{}]"",""No Content"");",Unmodified,Not selected
ts-travel2-service/src/main/java/travel2/service/TravelServiceImpl.java,TravelServiceImpl,getRouteByRouteId,429,debug,false,"TravelServiceImpl.LOGGER.debug(""[getRouteByRouteId][Get Route By Id][Route ID：{}]"", routeId);","TravelServiceImpl.LOGGER.debug(""[getRouteByRouteId][Get Route By Id][Route ID：{}]"", routeId);",Unmodified,Not selected
ts-travel2-service/src/main/java/travel2/service/TravelServiceImpl.java,TravelServiceImpl,getRouteByRouteId,440,error,false,"TravelServiceImpl.LOGGER.error(""[getRouteByRouteId][Get Route By Id Fail][Route not found][RouteId: {}]"", routeId);","TravelServiceImpl.LOGGER.error(""[getRouteByRouteId][Get Route By Id Fail][Route not found][RouteId: {}]"", routeId);",Unmodified,Not selected
ts-travel2-service/src/main/java/travel2/service/TravelServiceImpl.java,TravelServiceImpl,getRouteByRouteId,443,info,false,"TravelServiceImpl.LOGGER.info(""[getRouteByRouteId][Get Route By Id Success]"");","TravelServiceImpl.LOGGER.info(""[getRouteByRouteId][Get Route By Id Success]"");",Unmodified,Not selected
ts-travel2-service/src/main/java/travel2/service/TravelServiceImpl.java,TravelServiceImpl,getRestTicketNumber,459,info,true,"TravelServiceImpl.LOGGER.info(""[getRestTicketNumber][Seat request][request: {}]"", seatRequest.toString());","TravelServiceImpl.LOGGER.info(""[getRestTicketNumber] Remaining-seat request payload: {}"", seatRequest.toString());",Combined Evolution,合并重复 Seat request 标签并保留完整请求对象
ts-travel2-service/src/main/java/travel2/service/TravelServiceImpl.java,TravelServiceImpl,getRestTicketNumber,469,info,false,"TravelServiceImpl.LOGGER.info(""[getRestTicketNumber][Get Rest tickets num][num is: {}]"", re.getBody().toString());","TravelServiceImpl.LOGGER.info(""[getRestTicketNumber][Get Rest tickets num][num is: {}]"", re.getBody().toString());",Unmodified,Not selected
ts-travel2-service/src/main/java/travel2/service/TravelServiceImpl.java,TravelServiceImpl,adminQueryAll,491,warn,true,"TravelServiceImpl.LOGGER.warn(""[adminQueryAll][Admin query all trips warn][{}]"",""No Content"");","TravelServiceImpl.LOGGER.warn(""Admin trip listing returned no results: {}"",""No Content"");",Combined Evolution,保留管理员查询无结果和原 No Content 参数
ts-user-service/src/main/java/user/controller/UserController.java,UserController,getAllUser,37,info,false,"UserController.LOGGER.info(""[getAllUser][Get all user]"");","UserController.LOGGER.info(""[getAllUser][Get all user]"");",Unmodified,Not selected
ts-user-service/src/main/java/user/controller/UserController.java,UserController,getUserByUserName,43,info,true,"UserController.LOGGER.info(""[getUserByUserName][Get user by user name][UserName: {}]"",userName);","UserController.LOGGER.info(""[getUserByUserName][User lookup requested][userName: {}]"",userName);",Combined Evolution,明确按用户名查询的入口请求，规范字段标签
ts-user-service/src/main/java/user/controller/UserController.java,UserController,getUserByUserId,48,info,false,"UserController.LOGGER.info(""[getUserByUserId][Get user by user id][UserId: {}]"",userId);","UserController.LOGGER.info(""[getUserByUserId][Get user by user id][UserId: {}]"",userId);",Unmodified,Not selected
ts-user-service/src/main/java/user/controller/UserController.java,UserController,registerUser,54,info,true,"UserController.LOGGER.info(""[registerUser][Register user][UserName: {}]"",userDto.getUserName());","UserController.LOGGER.info(""Registration requested for username '{}'"",userDto.getUserName());",Combined Evolution,将用户名融入注册请求，未声称用户已创建
ts-user-service/src/main/java/user/controller/UserController.java,UserController,deleteUserById,63,info,false,"UserController.LOGGER.info(""[deleteUserById][Delete user][UserId: {}]"",userId);","UserController.LOGGER.info(""[deleteUserById][Delete user][UserId: {}]"",userId);",Unmodified,Not selected
ts-user-service/src/main/java/user/controller/UserController.java,UserController,updateUser,70,info,true,"UserController.LOGGER.info(""[updateUser][Update user][UserId: {}]"",user.getUserId());","UserController.LOGGER.info(""[updateUser] User changes requested (userId={})"",user.getUserId());",Combined Evolution,保留更新请求时态，ID 以独立字段呈现
ts-user-service/src/main/java/user/service/impl/UserServiceImpl.java,UserServiceImpl,saveUser,47,info,false,"LOGGER.info(""[saveUser][Save User Name][user name: {}]"", userDto.getUserName());","LOGGER.info(""[saveUser][Save User Name][user name: {}]"", userDto.getUserName());",Unmodified,Not selected
ts-user-service/src/main/java/user/service/impl/UserServiceImpl.java,UserServiceImpl,saveUser,71,info,false,"LOGGER.info(""[saveUser][Send authorization message to ts-auth-service....]"");","LOGGER.info(""[saveUser][Send authorization message to ts-auth-service....]"");",Unmodified,Not selected
ts-user-service/src/main/java/user/service/impl/UserServiceImpl.java,UserServiceImpl,saveUser,75,error,false,"UserServiceImpl.LOGGER.error(""[saveUser][Save user error][User already exists][UserId: {}]"",userDto.getUserId());","UserServiceImpl.LOGGER.error(""[saveUser][Save user error][User already exists][UserId: {}]"",userDto.getUserId());",Unmodified,Not selected
ts-user-service/src/main/java/user/service/impl/UserServiceImpl.java,UserServiceImpl,createDefaultAuthUser,81,info,false,"LOGGER.info(""[createDefaultAuthUser][CALL TO AUTH][AuthDto: {}]"", dto.toString());","LOGGER.info(""[createDefaultAuthUser][CALL TO AUTH][AuthDto: {}]"", dto.toString());",Unmodified,Not selected
ts-user-service/src/main/java/user/service/impl/UserServiceImpl.java,UserServiceImpl,createDefaultAuthUser,89,info,false,"LOGGER.info(""[createDefaultAuthUser][CALL TO AUTH][auth_svc host: {}][auth_svc port: {}]"", auth_svc.getHost(), auth_svc.getPort());","LOGGER.info(""[createDefaultAuthUser][CALL TO AUTH][auth_svc host: {}][auth_svc port: {}]"", auth_svc.getHost(), auth_svc.getPort());",Unmodified,Not selected
ts-user-service/src/main/java/user/service/impl/UserServiceImpl.java,UserServiceImpl,createDefaultAuthUser,91,info,false,"LOGGER.info(""[createDefaultAuthUser][CALL TO AUTH][can not get auth url]"");","LOGGER.info(""[createDefaultAuthUser][CALL TO AUTH][can not get auth url]"");",Unmodified,Not selected
ts-user-service/src/main/java/user/service/impl/UserServiceImpl.java,UserServiceImpl,getAllUsers,108,warn,false,"UserServiceImpl.LOGGER.warn(""[getAllUsers][Get all users warn: {}]"",""No Content"");","UserServiceImpl.LOGGER.warn(""[getAllUsers][Get all users warn: {}]"",""No Content"");",Unmodified,Not selected
ts-user-service/src/main/java/user/service/impl/UserServiceImpl.java,UserServiceImpl,findByUserName,118,warn,false,"UserServiceImpl.LOGGER.warn(""[findByUserName][Get user by name warn,user is null][UserName: {}]"",userName);","UserServiceImpl.LOGGER.warn(""[findByUserName][Get user by name warn,user is null][UserName: {}]"",userName);",Unmodified,Not selected
ts-user-service/src/main/java/user/service/impl/UserServiceImpl.java,UserServiceImpl,findByUserId,128,error,true,"UserServiceImpl.LOGGER.error(""[findByUserId][Get user by id error,user is null][UserId: {}]"",userId);","UserServiceImpl.LOGGER.error(""[findByUserId][No user record for this ID][userId={}]"",userId);",Combined Evolution,将 user is null 与查询失败合并为记录缺失说明
ts-user-service/src/main/java/user/service/impl/UserServiceImpl.java,UserServiceImpl,deleteUser,135,info,false,"LOGGER.info(""[deleteUser][DELETE USER BY ID][userId: {}]"", userId);","LOGGER.info(""[deleteUser][DELETE USER BY ID][userId: {}]"", userId);",Unmodified,Not selected
ts-user-service/src/main/java/user/service/impl/UserServiceImpl.java,UserServiceImpl,deleteUser,142,info,false,"LOGGER.info(""[deleteUser][DELETE SUCCESS][userId: {}]"", userId);","LOGGER.info(""[deleteUser][DELETE SUCCESS][userId: {}]"", userId);",Unmodified,Not selected
ts-user-service/src/main/java/user/service/impl/UserServiceImpl.java,UserServiceImpl,deleteUser,145,error,true,"UserServiceImpl.LOGGER.error(""[deleteUser][Delete user error][User not found][UserId: {}]"",userId);","UserServiceImpl.LOGGER.error(""User {} cannot be deleted: no matching account"",userId);",Combined Evolution,自然表达删除用户失败源于不存在的用户记录
ts-user-service/src/main/java/user/service/impl/UserServiceImpl.java,UserServiceImpl,updateUser,153,info,true,"LOGGER.info(""[updateUser][UPDATE USER: {}]"", userDto.toString());","LOGGER.info(""[updateUser][Applying user update][details: {}]"", userDto.toString());",Combined Evolution,将全大写更新消息重组为动作和请求详情标签
ts-user-service/src/main/java/user/service/impl/UserServiceImpl.java,UserServiceImpl,updateUser,167,error,true,"UserServiceImpl.LOGGER.error(""[updateUser][Update user error][User not found][UserId: {}]"",userDto.getUserId());","UserServiceImpl.LOGGER.error(""[updateUser] Update rejected; userId={} does not exist"",userDto.getUserId());",Combined Evolution,合并更新失败与用户缺失原因
ts-user-service/src/main/java/user/service/impl/UserServiceImpl.java,UserServiceImpl,deleteUserAuth,173,info,false,"LOGGER.info(""[deleteUserAuth][DELETE USER BY ID][userId: {}]"", userId);","LOGGER.info(""[deleteUserAuth][DELETE USER BY ID][userId: {}]"", userId);",Unmodified,Not selected
ts-user-service/src/main/java/user/service/impl/UserServiceImpl.java,UserServiceImpl,deleteUserAuth,187,info,true,"LOGGER.info(""[deleteUserAuth][DELETE USER AUTH SUCCESS][userId: {}]"", userId);","LOGGER.info(""Authentication record removed for user {} (deleteUserAuth)"", userId);",Combined Evolution,结合认证删除方法明确已删除的是认证记录
ts-verification-code-service/src/main/java/verifycode/controller/VerifyCodeController.java,VerifyCodeController,imageCode,33,info,true,"VerifyCodeController.LOGGER.info(""[imageCode][Image code]"");","VerifyCodeController.LOGGER.info(""[imageCode][Image verification code requested]"");",Combined Evolution,根据图形验证码入口补充请求事件，不提前报告生成完成
ts-verification-code-service/src/main/java/verifycode/controller/VerifyCodeController.java,VerifyCodeController,verifyCode,51,info,false,"LOGGER.info(""[verifyCode][receivedCode: {}]"", verifyCode);","LOGGER.info(""[verifyCode][receivedCode: {}]"", verifyCode);",Unmodified,Not selected
ts-verification-code-service/src/main/java/verifycode/controller/VerifyCodeController.java,VerifyCodeController,verifyCode,54,info,true,"LOGGER.info(""[verifyCode][verify result: {}]"", result);","LOGGER.info(""[verifyCode] Verification finished; matched={}"", result);",Combined Evolution,依据服务返回 boolean 说明匹配结果，不混同随后固定 HTTP 返回值
ts-verification-code-service/src/main/java/verifycode/service/impl/VerifyCodeServiceImpl.java,VerifyCodeServiceImpl,getImageCode,96,warn,false,"VerifyCodeServiceImpl.LOGGER.warn(""[getImageCode][Get image code warn.Cookie not found][Path Info: {}]"",request.getPathInfo());","VerifyCodeServiceImpl.LOGGER.warn(""[getImageCode][Get image code warn.Cookie not found][Path Info: {}]"",request.getPathInfo());",Unmodified,Not selected
ts-verification-code-service/src/main/java/verifycode/service/impl/VerifyCodeServiceImpl.java,VerifyCodeServiceImpl,getImageCode,107,info,true,"VerifyCodeServiceImpl.LOGGER.info(""[getImageCode][strEnsure: {}]"", strEnsure);","VerifyCodeServiceImpl.LOGGER.info(""[getImageCode][Generated verification code: {}]"", strEnsure);",Combined Evolution,根据生成流程将 strEnsure 标签澄清为验证码，不增添新参数
ts-verification-code-service/src/main/java/verifycode/service/impl/VerifyCodeServiceImpl.java,VerifyCodeServiceImpl,verifyCode,118,warn,false,"VerifyCodeServiceImpl.LOGGER.warn(""[verifyCode][Verify code warn][Cookie not found][Path Info: {}]"",request.getPathInfo());","VerifyCodeServiceImpl.LOGGER.warn(""[verifyCode][Verify code warn][Cookie not found][Path Info: {}]"",request.getPathInfo());",Unmodified,Not selected
ts-verification-code-service/src/main/java/verifycode/service/impl/VerifyCodeServiceImpl.java,VerifyCodeServiceImpl,verifyCode,126,info,false,"LOGGER.info(""GET Code By cookieId "" + cookieId + ""   is :"" + code);","LOGGER.info(""GET Code By cookieId "" + cookieId + ""   is :"" + code);",Unmodified,Dynamic or concatenated message; retain expression and evaluation semantics
ts-verification-code-service/src/main/java/verifycode/service/impl/VerifyCodeServiceImpl.java,VerifyCodeServiceImpl,verifyCode,128,warn,false,"VerifyCodeServiceImpl.LOGGER.warn(""[verifyCode][Get image code warn][Code not found][CookieId: {}]"",cookieId);","VerifyCodeServiceImpl.LOGGER.warn(""[verifyCode][Get image code warn][Code not found][CookieId: {}]"",cookieId);",Unmodified,Not selected
ts-wait-order-service/src/main/java/waitorder/controller/WaitListOrderController.java,WaitListOrderController,createNewOrder,35,info,true,"WaitListOrderController.LOGGER.info(""[createWaitOrder][Create Wait Order][from {} to {} at {}]"", createOrder.getFrom(), createOrder.getTo(), createOrder.getDate());","WaitListOrderController.LOGGER.info(""Wait-list booking requested from {} to {} on {}"", createOrder.getFrom(), createOrder.getTo(), createOrder.getDate());",Combined Evolution,依据候补订单 Controller 入口记录请求，保留起终点日期顺序
ts-wait-order-service/src/main/java/waitorder/controller/WaitListOrderController.java,WaitListOrderController,getAllOrders,41,info,false,"LOGGER.info(""[getAllOrders][Get All Orders]"");","LOGGER.info(""[getAllOrders][Get All Orders]"");",Unmodified,Not selected
ts-wait-order-service/src/main/java/waitorder/controller/WaitListOrderController.java,WaitListOrderController,getWaitListOrders,47,info,true,"LOGGER.info(""[getWaitListOrders][Get All Wait List Orders]"");","LOGGER.info(""Wait-list order listing requested"");",Combined Evolution,将 Controller 全量候补订单查询写为请求
ts-wait-order-service/src/main/java/waitorder/service/Impl/WaitListOrderServiceImpl.java,WaitListOrderServiceImpl,findOrderById,43,warn,true,"LOGGER.warn(""[findWaitOrderById][Find Order By Id Fail][No content][id: {}] "",id);","LOGGER.warn(""[findWaitOrderById][No wait-list order found][orderId: {}]"",id);",Combined Evolution,明确候补订单查无记录并规范标识标签
ts-wait-order-service/src/main/java/waitorder/service/Impl/WaitListOrderServiceImpl.java,WaitListOrderServiceImpl,findOrderById,47,info,true,"LOGGER.info(""[findWaitOrderById][Find Order By Id Success][id: {}] "",id);","LOGGER.info(""Wait-list order {} found"",id);",Combined Evolution,将候补订单标识自然融入成功查询句
ts-wait-order-service/src/main/java/waitorder/service/Impl/WaitListOrderServiceImpl.java,WaitListOrderServiceImpl,create,55,info,true,"LOGGER.info(""[create][Create Wait Order][Ready to Create Wait Order]"");","LOGGER.info(""[create] Preparing to create a wait-list order"");",Combined Evolution,合并重复候补订单创建标签，保持操作开始时态
ts-wait-order-service/src/main/java/waitorder/service/Impl/WaitListOrderServiceImpl.java,WaitListOrderServiceImpl,getAllOrders,70,warn,true,"WaitListOrderServiceImpl.LOGGER.warn(""[getAllOrders][Find all orders Success][size:{}]"",orderList.size());","WaitListOrderServiceImpl.LOGGER.warn(""[getAllOrders][Wait-list orders loaded][count={}]"",orderList.size());",Combined Evolution,根据服务和集合 size 明确候补订单数量，保留原 warn 级别
ts-wait-order-service/src/main/java/waitorder/service/Impl/WaitListOrderServiceImpl.java,WaitListOrderServiceImpl,getAllOrders,73,warn,true,"LOGGER.warn(""[getAllOrders][Find All Wait List Orders Fail][{}]"",""No content"");","LOGGER.warn(""[getAllOrders] Wait-list order lookup failed: {}"",""No content"");",Combined Evolution,合并全部候补订单查询失败与原因，保留原常量参数
ts-wait-order-service/src/main/java/waitorder/service/Impl/WaitListOrderServiceImpl.java,WaitListOrderServiceImpl,getAllWaitListOrders,82,warn,false,"WaitListOrderServiceImpl.LOGGER.warn(""[getAllWaitListOrders][Find all orders Success][size:{}]"",orderList.size());","WaitListOrderServiceImpl.LOGGER.warn(""[getAllWaitListOrders][Find all orders Success][size:{}]"",orderList.size());",Unmodified,Not selected
ts-wait-order-service/src/main/java/waitorder/service/Impl/WaitListOrderServiceImpl.java,WaitListOrderServiceImpl,getAllWaitListOrders,92,warn,false,"LOGGER.warn(""[getAllWaitListOrders][Find All Wait List Orders Fail][{}]"",""No content"");","LOGGER.warn(""[getAllWaitListOrders][Find All Wait List Orders Fail][{}]"",""No content"");",Unmodified,Not selected
ts-wait-order-service/src/main/java/waitorder/service/Impl/WaitListOrderServiceImpl.java,WaitListOrderServiceImpl,updateOrder,100,info,false,"LOGGER.info(""[updateOrder][Update Wait List Order][Order Info:{}] "", order.toString());","LOGGER.info(""[updateOrder][Update Wait List Order][Order Info:{}] "", order.toString());",Unmodified,Not selected
ts-wait-order-service/src/main/java/waitorder/service/Impl/WaitListOrderServiceImpl.java,WaitListOrderServiceImpl,updateOrder,103,error,false,"LOGGER.error(""[updateOrder][Update Order Info Fail][Order not found][OrderId: {}]"",order.getId());","LOGGER.error(""[updateOrder][Update Order Info Fail][Order not found][OrderId: {}]"",order.getId());",Unmodified,Not selected
ts-wait-order-service/src/main/java/waitorder/service/Impl/WaitListOrderServiceImpl.java,WaitListOrderServiceImpl,updateOrder,109,info,false,"LOGGER.info(""[updateOrder][Update Wait List Order Info Success][OrderId: {}]"",order.getId());","LOGGER.info(""[updateOrder][Update Wait List Order Info Success][OrderId: {}]"",order.getId());",Unmodified,Not selected
ts-wait-order-service/src/main/java/waitorder/service/Impl/WaitListOrderServiceImpl.java,WaitListOrderServiceImpl,modifyWaitListOrderStatus,117,info,false,"LOGGER.info(""[modifyWaitListOrderStatus][Modify Order Status][OrderId:{}] "", orderId);","LOGGER.info(""[modifyWaitListOrderStatus][Modify Order Status][OrderId:{}] "", orderId);",Unmodified,Not selected
ts-wait-order-service/src/main/java/waitorder/service/Impl/WaitListOrderServiceImpl.java,WaitListOrderServiceImpl,modifyWaitListOrderStatus,120,error,true,"LOGGER.error(""[modifyWaitListOrderStatus][Modify Order Status Fail][Order not found][OrderId: {}]"",orderId);","LOGGER.error(""[modifyWaitListOrderStatus][Status update failed: wait-list order missing][orderId={}]"",orderId);",Combined Evolution,说明无法修改的是候补订单状态并保留缺失记录原因
ts-wait-order-service/src/main/java/waitorder/service/Impl/WaitListOrderServiceImpl.java,WaitListOrderServiceImpl,modifyWaitListOrderStatus,126,info,false,"LOGGER.info(""[modifyWaitListOrderStatus][Modify Order Status Success][OrderId: {}]"",orderId);","LOGGER.info(""[modifyWaitListOrderStatus][Modify Order Status Success][OrderId: {}]"",orderId);",Unmodified,Not selected
ts-wait-order-service/src/main/java/waitorder/service/Impl/WaitListOrderServiceImpl.java,WaitListOrderServiceImpl,saveNewOrder,135,error,true,"WaitListOrderServiceImpl.LOGGER.error(""[create][Create Wait Order Fail][Order already exists][AccountId: {} , TripId: {}]"", orderVO.getAccountId(),orderVO.getTripId());","WaitListOrderServiceImpl.LOGGER.error(""Duplicate wait-list order for account {} on trip {} (saveNewOrder)"", orderVO.getAccountId(),orderVO.getTripId());",Combined Evolution,依据实际保存方法将账户和车次按原序融入重复订单说明
ts-wait-order-service/src/main/java/waitorder/service/Impl/WaitListOrderServiceImpl.java,WaitListOrderServiceImpl,saveNewOrder,143,info,false,"WaitListOrderServiceImpl.LOGGER.info(""[create][Create Wait Order Success][Order Price][AccountId: {} , TripId: {}]"", orderVO.getAccountId(),orderVO.getTripId());","WaitListOrderServiceImpl.LOGGER.info(""[create][Create Wait Order Success][Order Price][AccountId: {} , TripId: {}]"", orderVO.getAccountId(),orderVO.getTripId());",Unmodified,Not selected
